Rk;Player;Nation;Squad;Age;Born;MP;Starts;Min;90s;Gls;Ast;G+A;G-PK;PK;PKatt;CrdY;CrdR;xG;npxG;xAG;npxG+xAG;PrgC;PrgP;PrgR;Gls;Ast;G+A;G-PK;G+A-PK;xG;xAG;xG+xAG;npxG;npxG+xAG;Matches
1;Brenden Aaronson;us USA;Leeds United;24-343;2000;6;3;331;03.jul;0;0;0;0;0;0;1;0;0.7;0.7;0.7;01.mar;5;10;17;0.00;0.00;0.00;0.00;0.00;0.18;0.19;0.36;0.18;0.36;Matches
2;Joshua Acheampong;eng ENG;Chelsea;19-148;2006;2;1;126;01.apr;0;0;0;0;0;0;0;0;0.1;0.1;0.0;0.1;0;3;0;0.00;0.00;0.00;0.00;0.00;0.07;0.00;0.07;0.07;0.07;Matches
3;Tyler Adams;us USA;Bournemouth;26-228;1999;6;6;529;05.sep;0;0;0;0;0;0;3;0;0.1;0.1;0.0;0.2;0;19;4;0.00;0.00;0.00;0.00;0.00;0.02;0.01;0.03;0.02;0.03;Matches
4;Tosin Adarabioyo;eng ENG;Chelsea;28-006;1997;4;3;353;03.sep;0;0;0;0;0;0;1;0;0.0;0.0;0.0;0.0;2;15;0;0.00;0.00;0.00;0.00;0.00;0.01;0.00;0.01;0.01;0.01;Matches
5;Simon Adingra;ci CIV;Sunderland;23-272;2002;5;3;238;02.jun;0;0;0;0;0;0;1;0;0.1;0.1;0.5;0.6;6;2;31;0.00;0.00;0.00;0.00;0.00;0.05;0.19;0.25;0.05;0.25;Matches
6;Amine Adli;ma MAR;Bournemouth;25-143;2000;5;1;148;01.jun;0;0;0;0;0;0;0;0;0.1;0.1;0.2;0.3;3;5;17;0.00;0.00;0.00;0.00;0.00;0.06;0.11;0.17;0.06;0.17;Matches
7;Emmanuel Agbadou;ci CIV;Wolves;28-105;1997;6;5;495;05.mai;0;0;0;0;0;0;0;0;0.4;0.4;0.1;0.5;3;25;4;0.00;0.00;0.00;0.00;0.00;0.07;0.02;0.09;0.07;0.09;Matches
8;Nayef Aguerd;ma MAR;West Ham;29-184;1996;2;2;180;2.0;0;0;0;0;0;0;0;0;0.1;0.1;0.0;0.1;2;9;0;0.00;0.00;0.00;0.00;0.00;0.05;0.00;0.05;0.05;0.05;Matches
9;Ola Aina;ng NGA;Nott'ham Forest;28-357;1996;3;3;270;3.0;0;0;0;0;0;0;1;0;0.0;0.0;0.1;0.2;5;11;8;0.00;0.00;0.00;0.00;0.00;0.01;0.05;0.06;0.01;0.06;Matches
10;Rayan Aït-Nouri;dz ALG;Manchester City;24-116;2001;3;3;203;02.mar;0;0;0;0;0;0;1;0;0.0;0.0;0.2;0.2;6;7;8;0.00;0.00;0.00;0.00;0.00;0.02;0.09;0.11;0.02;0.11;Matches
11;Kristoffer Ajer;no NOR;Brentford;27-166;1998;3;0;28;0.3;0;1;1;0;0;0;0;0;0.1;0.1;0.7;0.8;0;6;0;0.00;mar.21;mar.21;0.00;mar.21;0.27;jan.95;feb.22;0.27;feb.22;Matches
12;Nathan Aké;nl NED;Manchester City;30-224;1995;4;0;111;01.feb;0;0;0;0;0;0;0;0;0.2;0.2;0.1;0.3;1;6;2;0.00;0.00;0.00;0.00;0.00;0.15;0.07;0.22;0.15;0.22;Matches
13;Carlos Alcaraz;ar ARG;Everton;22-304;2002;4;1;118;01.mar;0;0;0;0;0;0;1;0;0.0;0.0;0.0;0.0;1;1;7;0.00;0.00;0.00;0.00;0.00;0.01;0.00;0.01;0.01;0.01;Matches
14;Omar Alderete;py PAR;Sunderland;28-278;1996;6;5;487;05.apr;1;1;2;1;0;0;0;0;0.6;0.6;0.0;0.7;8;23;0;0.18;0.18;0.37;0.18;0.37;0.11;0.01;0.12;0.11;0.12;Matches
15;Alisson;br BRA;Liverpool;32-363;1992;6;6;540;6.0;0;0;0;0;0;0;0;0;0.0;0.0;0.0;0.0;0;4;0;0.00;0.00;0.00;0.00;0.00;0.00;0.00;0.00;0.00;0.00;Matches
16;Ethan Ampadu;wls WAL;Leeds United;25-016;2000;4;4;348;03.sep;0;0;0;0;0;0;1;0;0.0;0.0;0.0;0.0;2;10;5;0.00;0.00;0.00;0.00;0.00;0.00;0.00;0.00;0.00;0.00;Matches
17;Joachim Andersen;dk DEN;Fulham;29-122;1996;6;6;540;6.0;0;0;0;0;0;0;0;0;0.4;0.4;0.7;01.jan;7;28;3;0.00;0.00;0.00;0.00;0.00;0.07;0.11;0.19;0.07;0.19;Matches
18;Elliot Anderson;eng ENG;Nott'ham Forest;22-328;2002;6;6;540;6.0;0;1;1;0;0;0;1;0;0.6;0.6;01.mar;01.sep;11;58;20;0.00;0.17;0.17;0.00;0.17;0.10;0.21;0.31;0.10;0.31;Matches
19;André;br BRA;Wolves;24-076;2001;6;4;355;03.sep;0;0;0;0;0;0;1;0;0.0;0.0;0.0;0.0;6;15;3;0.00;0.00;0.00;0.00;0.00;0.00;0.00;0.00;0.00;0.00;Matches
20;Jaidon Anthony;eng ENG;Burnley;25-303;1999;6;6;532;05.sep;4;1;5;4;0;0;2;0;02.jan;02.jan;0.3;02.apr;14;11;29;0.68;0.17;0.85;0.68;0.85;0.35;0.06;0.41;0.35;0.41;Matches
21;Alphonse Areola;fr FRA;West Ham;32-215;1993;2;2;180;2.0;0;0;0;0;0;0;0;0;0.0;0.0;0.0;0.0;0;0;0;0.00;0.00;0.00;0.00;0.00;0.00;0.00;0.00;0.00;0.00;Matches
22;Jhon Arias;co COL;Wolves;28-009;1997;6;3;269;3.0;0;0;0;0;0;0;0;0;0.3;0.3;0.3;0.5;6;9;11;0.00;0.00;0.00;0.00;0.00;0.09;0.09;0.18;0.09;0.18;Matches
23;Tolu Arokodare;ng NGA;Wolves;24-311;2000;3;2;162;01.aug;0;0;0;0;0;0;0;0;0.2;0.2;0.1;0.4;1;0;9;0.00;0.00;0.00;0.00;0.00;0.12;0.08;0.20;0.12;0.20;Matches
24;Yasin Ayari;se SWE;Brighton;21-359;2003;6;4;453;5.0;1;0;1;1;0;0;0;0;0.4;0.4;0.1;0.6;2;19;8;0.20;0.00;0.20;0.20;0.20;0.09;0.03;0.11;0.09;0.11;Matches
25;Benoît Badiashile;fr FRA;Chelsea;24-188;2001;1;0;11;0.1;0;0;0;0;0;0;1;0;0.0;0.0;0.0;0.0;0;1;0;0.00;0.00;0.00;0.00;0.00;0.00;0.00;0.00;0.00;0.00;Matches
Rk;Player;Nation;Squad;Age;Born;MP;Starts;Min;90s;Gls;Ast;G+A;G-PK;PK;PKatt;CrdY;CrdR;xG;npxG;xAG;npxG+xAG;PrgC;PrgP;PrgR;Gls;Ast;G+A;G-PK;G+A-PK;xG;xAG;xG+xAG;npxG;npxG+xAG;Matches
26;Dilane Bakwa;fr FRA;Nott'ham Forest;23-035;2002;3;2;161;01.aug;0;0;0;0;0;0;0;0;0.1;0.1;0.3;0.5;4;7;18;0.00;0.00;0.00;0.00;0.00;0.08;0.18;0.26;0.08;0.26;Matches
27;Carlos Baleba;cm CMR;Brighton;21-270;2004;6;5;310;03.apr;0;0;0;0;0;0;1;0;0.0;0.0;0.0;0.1;4;6;4;0.00;0.00;0.00;0.00;0.00;0.01;0.01;0.03;0.01;0.03;Matches
28;Daniel Ballard;nir NIR;Sunderland;26-008;1999;4;2;167;01.sep;1;0;1;1;0;0;0;0;0.3;0.3;0.4;0.7;0;1;0;0.54;0.00;0.54;0.54;0.54;0.17;0.20;0.37;0.17;0.37;Matches
29;Harvey Barnes;eng ENG;Newcastle Utd;27-295;1997;5;3;296;03.mar;0;0;0;0;0;0;0;0;0.4;0.4;0.7;1.0;14;16;30;0.00;0.00;0.00;0.00;0.00;0.11;0.20;0.32;0.11;0.32;Matches
30;Thierno Barry;fr FRA;Everton;22-344;2002;6;1;163;01.aug;0;0;0;0;0;0;0;0;0.5;0.5;0.0;0.5;2;2;10;0.00;0.00;0.00;0.00;0.00;0.25;0.00;0.25;0.25;0.25;Matches
31;Calvin Bassey;ng NGA;Fulham;25-273;1999;6;6;540;6.0;0;0;0;0;0;0;2;0;0.2;0.2;0.0;0.2;10;18;2;0.00;0.00;0.00;0.00;0.00;0.03;0.00;0.03;0.03;0.03;Matches
32;Altay Bayındır;tr TUR;Manchester Utd;27-169;1998;6;6;540;6.0;0;0;0;0;0;0;0;0;0.0;0.0;0.2;0.2;0;0;0;0.00;0.00;0.00;0.00;0.00;0.00;0.04;0.04;0.00;0.04;Matches
33;Jean-Ricner Bellegarde;ht HAI;Wolves;27-095;1998;6;3;239;02.jul;0;0;0;0;0;0;0;0;0.2;0.2;0.3;0.5;8;17;8;0.00;0.00;0.00;0.00;0.00;0.07;0.11;0.19;0.07;0.19;Matches
34;Rodrigo Bentancur;uy URU;Tottenham;28-097;1997;5;4;322;03.jun;0;0;0;0;0;0;0;0;0.0;0.0;0.2;0.2;3;20;7;0.00;0.00;0.00;0.00;0.00;0.01;0.05;0.07;0.01;0.07;Matches
35;Sander Berge;no NOR;Fulham;27-228;1998;6;6;510;05.jul;0;0;0;0;0;0;1;0;0.4;0.4;0.3;0.7;6;25;4;0.00;0.00;0.00;0.00;0.00;0.07;0.05;0.12;0.07;0.12;Matches
36;Lucas Bergvall;se SWE;Tottenham;19-240;2006;6;4;367;04.jan;1;1;2;1;0;0;1;0;0.6;0.6;0.3;0.8;9;17;23;0.25;0.25;0.49;0.25;0.49;0.14;0.06;0.20;0.14;0.20;Matches
37;Beto;gw GNB;Everton;27-242;1998;6;5;381;04.feb;1;0;1;1;0;0;1;0;02.feb;02.feb;0.2;02.apr;1;2;16;0.24;0.00;0.24;0.24;0.24;0.52;0.04;0.56;0.52;0.56;Matches
38;Marco Bizot;nl NED;Aston Villa;34-204;1991;2;2;180;2.0;0;0;0;0;0;0;1;0;0.0;0.0;0.0;0.0;0;1;0;0.00;0.00;0.00;0.00;0.00;0.00;0.00;0.00;0.00;0.00;Matches
39;Oscar Bobb;no NOR;Manchester City;22-080;2003;5;3;286;03.feb;0;1;1;0;0;0;0;0;0.3;0.3;0.4;0.7;11;10;37;0.00;0.31;0.31;0.00;0.31;0.09;0.11;0.21;0.09;0.21;Matches
40;Lamare Bogarde;nl NED;Aston Villa;21-268;2004;5;2;191;02.jan;0;0;0;0;0;0;1;0;0.0;0.0;0.0;0.0;2;4;2;0.00;0.00;0.00;0.00;0.00;0.00;0.01;0.01;0.00;0.01;Matches
41;Jayden Bogle;eng ENG;Leeds United;25-065;2000;6;6;526;05.aug;0;0;0;0;0;0;2;0;0.2;0.2;0.1;0.3;18;13;19;0.00;0.00;0.00;0.00;0.00;0.03;0.02;0.05;0.03;0.05;Matches
42;Sven Botman;nl NED;Newcastle Utd;25-261;2000;3;3;248;02.aug;0;0;0;0;0;0;0;0;0.0;0.0;0.0;0.0;0;5;0;0.00;0.00;0.00;0.00;0.00;0.00;0.01;0.01;0.00;0.01;Matches
43;Jarrod Bowen;eng ENG;West Ham;28-284;1996;6;6;540;6.0;3;0;3;3;0;0;0;0;0.8;0.8;0.9;01.jul;22;14;47;0.50;0.00;0.50;0.50;0.50;0.14;0.14;0.29;0.14;0.29;Matches
44;Conor Bradley;nir NIR;Liverpool;22-083;2003;4;2;190;02.jan;0;0;0;0;0;0;2;0;0.1;0.1;0.0;0.1;11;10;12;0.00;0.00;0.00;0.00;0.00;0.03;0.00;0.03;0.03;0.03;Matches
45;Brian Brobbey;nl NED;Sunderland;23-241;2002;2;0;26;0.3;0;0;0;0;0;0;0;0;0.0;0.0;0.0;0.0;1;2;0;0.00;0.00;0.00;0.00;0.00;0.00;0.00;0.00;0.00;0.00;Matches
46;Armando Broja;al ALB;Burnley;24-020;2001;2;0;11;0.1;0;0;0;0;0;0;0;0;0.0;0.0;0.0;0.0;0;0;1;0.00;0.00;0.00;0.00;0.00;0.00;0.00;0.00;0.00;0.00;Matches
47;David Brooks;wls WAL;Bournemouth;28-084;1997;6;5;374;04.feb;0;1;1;0;0;0;2;0;0.9;0.9;01.apr;02.mar;10;13;38;0.00;0.24;0.24;0.00;0.24;0.21;0.34;0.55;0.21;0.55;Matches
48;Jacob Bruun Larsen;dk DEN;Burnley;27-011;1998;4;2;206;02.mar;0;1;1;0;0;0;0;0;0.1;0.1;0.6;0.7;1;4;14;0.00;0.44;0.44;0.00;0.44;0.03;0.27;0.29;0.03;0.29;Matches
49;Emi Buendía;ar ARG;Aston Villa;28-279;1996;5;2;278;03.jan;1;1;2;1;0;0;1;0;0.7;0.7;0.4;01.jan;10;19;13;0.32;0.32;0.65;0.32;0.65;0.22;0.13;0.35;0.22;0.35;Matches
50;Hugo Bueno;es ESP;Wolves;23-012;2002;6;3;364;4.0;0;0;0;0;0;0;1;0;0.1;0.1;0.5;0.6;12;10;27;0.00;0.00;0.00;0.00;0.00;0.03;0.12;0.15;0.03;0.15;Matches
Rk;Player;Nation;Squad;Age;Born;MP;Starts;Min;90s;Gls;Ast;G+A;G-PK;PK;PKatt;CrdY;CrdR;xG;npxG;xAG;npxG+xAG;PrgC;PrgP;PrgR;Gls;Ast;G+A;G-PK;G+A-PK;xG;xAG;xG+xAG;npxG;npxG+xAG;Matches
51;Santiago Bueno;uy URU;Wolves;26-325;1998;3;2;214;02.apr;1;0;1;1;0;0;0;0;0.8;0.8;0.0;0.8;0;9;1;0.42;0.00;0.42;0.42;0.42;0.31;0.02;0.33;0.31;0.33;Matches
52;Facundo Buonanotte;ar ARG;Chelsea;20-281;2004;1;1;45;0.5;0;0;0;0;0;0;0;0;0.0;0.0;0.3;0.3;0;0;5;0.00;0.00;0.00;0.00;0.00;0.00;0.51;0.51;0.00;0.51;Matches
53;Dan Burn;eng ENG;Newcastle Utd;33-144;1992;6;6;540;6.0;0;0;0;0;0;0;2;0;0.1;0.1;0.0;0.1;1;17;6;0.00;0.00;0.00;0.00;0.00;0.01;0.01;0.02;0.01;0.02;Matches
54;Sam Byram;eng ENG;Leeds United;32-014;1993;1;0;7;0.1;0;0;0;0;0;0;0;0;0.0;0.0;0.0;0.0;0;0;0;0.00;0.00;0.00;0.00;0.00;0.00;0.00;0.00;0.00;0.00;Matches
55;Moisés Caicedo;ec ECU;Chelsea;23-332;2001;6;6;540;6.0;2;0;2;2;0;0;1;0;0.5;0.5;0.1;0.5;5;33;3;0.33;0.00;0.33;0.33;0.33;0.08;0.01;0.09;0.08;0.09;Matches
56;Tom Cairney;sct SCO;Fulham;34-253;1991;3;0;34;0.4;0;0;0;0;0;0;1;0;0.0;0.0;0.0;0.0;0;0;1;0.00;0.00;0.00;0.00;0.00;0.00;0.00;0.00;0.00;0.00;Matches
57;Riccardo Calafiori;it ITA;Arsenal;23-134;2002;6;6;454;5.0;1;2;3;1;0;0;3;0;01.jul;01.jul;0.5;02.feb;13;21;22;0.20;0.40;0.59;0.20;0.59;0.33;0.10;0.43;0.33;0.43;Matches
58;Dominic Calvert-Lewin;eng ENG;Leeds United;28-198;1997;4;3;269;3.0;1;0;1;1;0;0;0;0;01.feb;01.feb;0.1;01.apr;4;5;10;0.33;0.00;0.33;0.33;0.33;0.41;0.05;0.46;0.41;0.46;Matches
59;Fabio Carvalho;pt POR;Brentford;23-031;2002;2;1;93;1.0;1;0;1;1;0;0;0;0;0.7;0.7;0.0;0.7;2;2;5;0.97;0.00;0.97;0.97;0.97;0.66;0.00;0.66;0.66;0.66;Matches
60;Casemiro;br BRA;Manchester Utd;33-219;1992;5;4;244;02.jul;1;0;1;1;0;0;3;1;1.0;1.0;0.2;01.feb;0;15;4;0.37;0.00;0.37;0.37;0.37;0.36;0.08;0.44;0.36;0.44;Matches
61;Matty Cash;pl POL;Aston Villa;28-054;1997;6;6;524;05.aug;1;0;1;1;0;0;2;0;0.1;0.1;0.4;0.5;10;24;31;0.17;0.00;0.17;0.17;0.17;0.01;0.07;0.08;0.01;0.08;Matches
62;Timothy Castagne;be BEL;Fulham;29-299;1995;4;3;218;02.apr;0;0;0;0;0;0;0;0;0.4;0.4;0.1;0.5;3;6;18;0.00;0.00;0.00;0.00;0.00;0.16;0.04;0.20;0.16;0.20;Matches
63;Trevoh Chalobah;eng ENG;Chelsea;26-087;1999;6;6;481;05.mar;2;0;2;2;0;0;1;1;0.7;0.7;0.0;0.7;8;25;0;0.37;0.00;0.37;0.37;0.37;0.14;0.00;0.14;0.14;0.14;Matches
64;Rayan Cherki;fr FRA;Manchester City;22-044;2003;2;1;71;0.8;1;0;1;1;0;0;0;0;0.1;0.1;0.5;0.5;3;6;3;jan.27;0.00;jan.27;jan.27;jan.27;0.07;0.60;0.67;0.07;0.67;Matches
65;Federico Chiesa;it ITA;Liverpool;27-340;1997;5;0;63;0.7;2;0;2;2;0;0;1;0;0.7;0.7;0.0;0.7;2;2;4;feb.86;0.00;feb.86;feb.86;feb.86;0.94;0.00;0.94;0.94;0.94;Matches
66;Ryan Christie;sct SCO;Bournemouth;30-220;1995;4;1;138;01.mai;0;0;0;0;0;0;0;0;0.2;0.2;0.0;0.2;4;12;5;0.00;0.00;0.00;0.00;0.00;0.10;0.01;0.11;0.10;0.11;Matches
67;Samuel Chukwueze;ng NGA;Fulham;26-131;1999;1;0;10;0.1;0;0;0;0;0;0;0;0;0.2;0.2;0.0;0.2;2;0;3;0.00;0.00;0.00;0.00;0.00;jan.47;0.00;jan.47;jan.47;jan.47;Matches
68;Nathaniel Clyne;eng ENG;Crystal Palace;34-178;1991;1;0;4;0.0;0;0;0;0;0;0;0;0;0.0;0.0;0.0;0.0;0;0;0;0.00;0.00;0.00;0.00;0.00;0.00;0.00;0.00;0.00;0.00;Matches
69;Nathan Collins;ie IRL;Brentford;24-153;2001;6;6;540;6.0;0;0;0;0;0;0;3;0;0.2;0.2;0.5;0.7;2;14;0;0.00;0.00;0.00;0.00;0.00;0.03;0.09;0.12;0.03;0.12;Matches
70;Lewis Cook;eng ENG;Bournemouth;28-239;1997;1;0;3;0.0;0;0;0;0;0;0;0;0;0.0;0.0;0.0;0.0;0;0;0;0.00;0.00;0.00;0.00;0.00;0.00;0.00;0.00;0.00;0.00;Matches
71;Diego Coppola;it ITA;Brighton;21-276;2003;1;0;15;0.2;0;0;0;0;0;0;0;0;0.0;0.0;0.0;0.0;0;1;0;0.00;0.00;0.00;0.00;0.00;0.00;0.00;0.00;0.00;0.00;Matches
72;Marc Cucurella;es ESP;Chelsea;27-070;1998;6;5;448;5.0;0;1;1;0;0;0;2;0;0.2;0.2;0.8;1.0;8;19;18;0.00;0.20;0.20;0.00;0.20;0.05;0.16;0.21;0.05;0.21;Matches
73;Jorge Cuenca;es ESP;Fulham;25-317;1999;2;1;88;1.0;0;0;0;0;0;0;0;0;0.0;0.0;0.0;0.0;0;2;0;0.00;0.00;0.00;0.00;0.00;0.00;0.00;0.00;0.00;0.00;Matches
74;Josh Cullen;ie IRL;Burnley;29-176;1996;6;6;502;05.jun;1;1;2;1;0;0;0;0;0.1;0.1;0.8;0.9;2;31;2;0.18;0.18;0.36;0.18;0.36;0.01;0.14;0.15;0.01;0.15;Matches
75;Matheus Cunha;br BRA;Manchester Utd;26-126;1999;5;4;326;03.jun;0;0;0;0;0;0;0;0;0.9;0.9;0.2;01.feb;12;14;17;0.00;0.00;0.00;0.00;0.00;0.26;0.07;0.32;0.26;0.32;Matches
Rk;Player;Nation;Squad;Age;Born;MP;Starts;Min;90s;Gls;Ast;G+A;G-PK;PK;PKatt;CrdY;CrdR;xG;npxG;xAG;npxG+xAG;PrgC;PrgP;PrgR;Gls;Ast;G+A;G-PK;G+A-PK;xG;xAG;xG+xAG;npxG;npxG+xAG;Matches
76;Diogo Dalot;pt POR;Manchester Utd;26-196;1999;4;3;273;3.0;0;1;1;0;0;0;0;0;0.0;0.0;0.9;0.9;11;8;25;0.00;0.33;0.33;0.00;0.33;0.00;0.31;0.31;0.00;0.31;Matches
77;Mikkel Damsgaard;dk DEN;Brentford;25-089;2000;4;4;348;03.sep;1;0;1;1;0;0;0;0;0.2;0.2;0.4;0.7;8;18;14;0.26;0.00;0.26;0.26;0.26;0.06;0.11;0.17;0.06;0.17;Matches
78;Kevin Danso;at AUT;Tottenham;27-011;1998;1;0;10;0.1;0;0;0;0;0;0;0;0;0.0;0.0;0.0;0.0;0;2;0;0.00;0.00;0.00;0.00;0.00;0.00;0.00;0.00;0.00;0.00;Matches
79;Karl Darlow;wls WAL;Leeds United;34-357;1990;3;3;270;3.0;0;0;0;0;0;0;0;0;0.0;0.0;0.0;0.0;0;0;0;0.00;0.00;0.00;0.00;0.00;0.00;0.00;0.00;0.00;0.00;Matches
80;Maxim De Cuyper;be BEL;Brighton;24-282;2000;5;4;276;03.jan;1;0;1;1;0;0;1;0;0.6;0.6;0.1;0.7;1;11;9;0.33;0.00;0.33;0.33;0.33;0.21;0.02;0.23;0.21;0.23;Matches
81;Liam Delap;eng ENG;Chelsea;22-234;2003;3;2;93;1.0;0;0;0;0;0;0;0;0;0.2;0.2;0.0;0.2;2;3;4;0.00;0.00;0.00;0.00;0.00;0.22;0.00;0.22;0.22;0.22;Matches
82;Sepp van den Berg;nl NED;Brentford;23-284;2001;6;6;540;6.0;0;0;0;0;0;0;0;0;0.9;0.9;0.0;0.9;2;12;5;0.00;0.00;0.00;0.00;0.00;0.15;0.00;0.15;0.15;0.15;Matches
83;Justin Devenny;nir NIR;Crystal Palace;21-354;2003;5;1;143;01.jun;0;0;0;0;0;0;0;0;0.1;0.1;0.1;0.2;5;5;9;0.00;0.00;0.00;0.00;0.00;0.08;0.07;0.15;0.08;0.15;Matches
84;Kiernan Dewsbury-Hall;eng ENG;Everton;27-024;1998;6;6;540;6.0;1;1;2;1;0;0;5;0;0.4;0.4;01.aug;02.feb;10;33;24;0.17;0.17;0.33;0.17;0.33;0.07;0.30;0.37;0.07;0.37;Matches
85;Bafodé Diakité;fr FRA;Bournemouth;24-267;2001;5;5;450;5.0;0;0;0;0;0;0;1;0;0.0;0.0;0.1;0.1;0;14;2;0.00;0.00;0.00;0.00;0.00;0.00;0.02;0.02;0.00;0.02;Matches
86;Amad Diallo;ci CIV;Manchester Utd;23-081;2002;5;4;357;4.0;0;0;0;0;0;0;0;0;01.mar;01.mar;0.7;2.0;21;16;31;0.00;0.00;0.00;0.00;0.00;0.32;0.18;0.50;0.32;0.50;Matches
87;Habib Diarra;sn SEN;Sunderland;21-270;2004;4;4;347;03.sep;0;0;0;0;0;0;1;0;0.6;0.6;0.0;0.6;10;13;17;0.00;0.00;0.00;0.00;0.00;0.15;0.01;0.16;0.15;0.16;Matches
88;Rúben Dias;pt POR;Manchester City;28-139;1997;6;5;455;05.jan;0;0;0;0;0;0;0;0;0.0;0.0;0.0;0.0;5;14;0;0.00;0.00;0.00;0.00;0.00;0.00;0.00;0.00;0.00;0.00;Matches
89;Tyler Dibling;eng ENG;Everton;19-202;2006;2;0;13;0.1;0;0;0;0;0;0;0;0;0.0;0.0;0.0;0.0;1;0;3;0.00;0.00;0.00;0.00;0.00;0.00;0.00;0.00;0.00;0.00;Matches
90;Lucas Digne;fr FRA;Aston Villa;32-072;1993;6;5;399;04.apr;0;1;1;0;0;0;1;0;0.1;0.1;0.3;0.4;5;10;33;0.00;0.23;0.23;0.00;0.23;0.03;0.06;0.09;0.03;0.09;Matches
91;El Hadji Malick Diouf;sn SEN;West Ham;20-276;2004;6;6;540;6.0;0;3;3;0;0;0;1;0;0.2;0.2;0.7;0.9;12;18;29;0.00;0.50;0.50;0.00;0.50;0.03;0.12;0.15;0.03;0.15;Matches
92;Ben Doak;sct SCO;Bournemouth;19-323;2005;1;0;17;0.2;0;0;0;0;0;0;0;0;0.1;0.1;0.0;0.1;0;0;2;0.00;0.00;0.00;0.00;0.00;0.43;0.00;0.43;0.43;0.43;Matches
93;Matt Doherty;ie IRL;Wolves;33-257;1992;3;3;225;02.mai;0;0;0;0;0;0;3;0;0.1;0.1;0.0;0.1;0;5;0;0.00;0.00;0.00;0.00;0.00;0.03;0.00;0.03;0.03;0.03;Matches
94;Jeremy Doku;be BEL;Manchester City;23-126;2002;6;4;374;04.feb;0;3;3;0;0;0;0;0;0.6;0.6;02.jan;02.jul;43;13;43;0.00;0.72;0.72;0.00;0.72;0.14;0.52;0.65;0.14;0.65;Matches
95;Nicolás Domínguez;ar ARG;Nott'ham Forest;27-094;1998;1;1;45;0.5;0;0;0;0;0;0;1;0;0.0;0.0;0.0;0.0;0;5;0;0.00;0.00;0.00;0.00;0.00;0.00;0.00;0.00;0.00;0.00;Matches
96;Gianluigi Donnarumma;it ITA;Manchester City;26-217;1999;3;3;270;3.0;0;0;0;0;0;0;1;0;0.0;0.0;0.0;0.0;0;0;0;0.00;0.00;0.00;0.00;0.00;0.00;0.00;0.00;0.00;0.00;Matches
97;Patrick Dorgu;dk DEN;Manchester Utd;20-339;2004;5;5;445;04.sep;0;1;1;0;0;0;2;0;0.2;0.2;0.8;1.0;16;7;40;0.00;0.20;0.20;0.00;0.20;0.05;0.16;0.21;0.05;0.21;Matches
98;Max Dowman;eng ENG;Arsenal;15-273;2009;2;0;27;0.3;0;0;0;0;0;0;0;0;0.1;0.1;0.0;0.1;4;0;6;0.00;0.00;0.00;0.00;0.00;0.43;0.00;0.43;0.43;0.43;Matches
99;Martin Dúbravka;sk SVK;Burnley;36-258;1989;6;6;540;6.0;0;0;0;0;0;0;0;0;0.0;0.0;0.0;0.0;0;0;0;0.00;0.00;0.00;0.00;0.00;0.00;0.00;0.00;0.00;0.00;Matches
100;Lewis Dunk;eng ENG;Brighton;33-313;1991;6;6;540;6.0;0;0;0;0;0;0;2;0;0.3;0.3;0.0;0.3;1;16;1;0.00;0.00;0.00;0.00;0.00;0.05;0.01;0.05;0.05;0.05;Matches
Rk;Player;Nation;Squad;Age;Born;MP;Starts;Min;90s;Gls;Ast;G+A;G-PK;PK;PKatt;CrdY;CrdR;xG;npxG;xAG;npxG+xAG;PrgC;PrgP;PrgR;Gls;Ast;G+A;G-PK;G+A-PK;xG;xAG;xG+xAG;npxG;npxG+xAG;Matches
101;Odsonne Édouard;fr FRA;Crystal Palace;27-257;1998;1;0;2;0.0;0;0;0;0;0;0;0;0;0.0;0.0;0.0;0.0;0;0;0;0.00;0.00;0.00;0.00;0.00;0.00;0.00;0.00;0.00;0.00;Matches
102;Marcus Edwards;eng ENG;Burnley;26-301;1998;1;0;5;0.1;0;0;0;0;0;0;0;0;0.0;0.0;0.0;0.0;0;0;0;0.00;0.00;0.00;0.00;0.00;0.00;0.00;0.00;0.00;0.00;Matches
103;Hjalmar Ekdal;se SWE;Burnley;26-344;1998;6;6;533;05.sep;0;0;0;0;0;0;0;0;0.2;0.2;0.1;0.3;1;6;0;0.00;0.00;0.00;0.00;0.00;0.03;0.02;0.06;0.03;0.06;Matches
104;Hugo Ekitike;fr FRA;Liverpool;23-102;2002;5;5;370;04.jan;3;1;4;3;0;0;0;0;01.aug;01.aug;0.3;2.0;6;8;19;0.73;0.24;0.97;0.73;0.97;0.44;0.06;0.50;0.44;0.50;Matches
105;Anthony Elanga;se SWE;Newcastle Utd;23-156;2002;6;2;257;02.sep;0;0;0;0;0;0;0;0;0.6;0.6;0.3;0.9;9;4;26;0.00;0.00;0.00;0.00;0.00;0.21;0.10;0.31;0.21;0.31;Matches
106;Harvey Elliott;eng ENG;Aston Villa;22-179;2003;3;1;96;01.jan;0;0;0;0;0;0;0;0;0.2;0.2;0.0;0.2;3;5;11;0.00;0.00;0.00;0.00;0.00;0.17;0.00;0.17;0.17;0.17;Matches
107;Wataru Endo;jp JPN;Liverpool;32-233;1993;2;0;31;0.3;0;1;1;0;0;0;1;0;0.0;0.0;0.1;0.1;1;1;0;0.00;feb.90;feb.90;0.00;feb.90;0.00;0.29;0.29;0.00;0.29;Matches
108;Romain Esse;eng ENG;Crystal Palace;20-140;2005;1;0;24;0.3;0;0;0;0;0;0;0;0;0.0;0.0;0.0;0.0;0;2;3;0.00;0.00;0.00;0.00;0.00;0.00;0.00;0.00;0.00;0.00;Matches
109;Maxime Estève;fr FRA;Burnley;23-127;2002;6;6;533;05.sep;0;0;0;0;0;0;0;0;0.2;0.2;0.0;0.3;1;12;0;0.00;0.00;0.00;0.00;0.00;0.04;0.01;0.04;0.04;0.04;Matches
110;Evanilson;br BRA;Bournemouth;25-359;1999;6;6;529;05.sep;1;0;1;1;0;0;1;0;1.0;1.0;0.7;01.jul;4;7;16;0.17;0.00;0.17;0.17;0.17;0.17;0.11;0.29;0.17;0.29;Matches
111;Eberechi Eze;eng ENG;Arsenal;27-093;1998;4;2;234;02.jun;0;2;2;0;0;0;0;0;0.6;0.6;0.7;01.mar;8;14;16;0.00;0.77;0.77;0.00;0.77;0.22;0.27;0.49;0.22;0.49;Matches
112;Eberechi Eze;eng ENG;Crystal Palace;27-093;1998;1;1;84;0.9;0;0;0;0;0;0;0;0;0.2;0.2;0.0;0.2;0;1;2;0.00;0.00;0.00;0.00;0.00;0.26;0.00;0.26;0.26;0.26;Matches
113;Bruno Fernandes;pt POR;Manchester Utd;31-022;1994;6;6;537;6.0;2;0;2;1;1;3;2;0;03.mai;01.feb;01.mar;02.apr;10;53;16;0.34;0.00;0.34;0.17;0.17;0.59;0.21;0.81;0.20;0.41;Matches
114;Mateus Fernandes;pt POR;West Ham;21-082;2004;4;4;311;03.mai;0;0;0;0;0;0;0;0;0.1;0.1;0.5;0.6;5;11;6;0.00;0.00;0.00;0.00;0.00;0.03;0.16;0.19;0.03;0.19;Matches
115;Enzo Fernández;ar ARG;Chelsea;24-256;2001;6;6;529;05.sep;3;1;4;2;1;1;1;0;03.apr;02.jun;0.8;03.apr;8;37;23;0.51;0.17;0.68;0.34;0.51;0.58;0.13;0.71;0.45;0.58;Matches
116;Zian Flemming;nl NED;Burnley;27-060;1998;3;0;24;0.3;0;0;0;0;0;0;0;0;0.2;0.2;0.1;0.2;1;0;2;0.00;0.00;0.00;0.00;0.00;0.56;0.26;0.83;0.56;0.83;Matches
117;Phil Foden;eng ENG;Manchester City;25-125;2000;4;3;263;02.sep;1;0;1;1;0;0;1;0;0.5;0.5;0.1;0.6;4;14;12;0.34;0.00;0.34;0.34;0.34;0.15;0.05;0.20;0.15;0.20;Matches
118;Wesley Fofana;fr FRA;Chelsea;24-287;2000;3;2;130;01.apr;0;0;0;0;0;0;0;0;0.0;0.0;0.0;0.0;3;4;1;0.00;0.00;0.00;0.00;0.00;0.00;0.00;0.00;0.00;0.00;Matches
119;Lyle Foster;za RSA;Burnley;25-027;2000;6;6;502;05.jun;1;1;2;1;0;0;1;0;0.9;0.9;0.6;01.jun;6;5;30;0.18;0.18;0.36;0.18;0.36;0.17;0.12;0.29;0.17;0.29;Matches
120;Jeremie Frimpong;nl NED;Liverpool;24-294;2000;3;1;79;0.9;0;0;0;0;0;0;0;0;0.1;0.1;0.0;0.1;3;3;7;0.00;0.00;0.00;0.00;0.00;0.09;0.00;0.09;0.09;0.09;Matches
121;Niclas Füllkrug;de GER;West Ham;32-233;1993;5;4;320;03.jun;0;0;0;0;0;0;0;0;0.5;0.5;0.5;1.0;1;5;12;0.00;0.00;0.00;0.00;0.00;0.15;0.15;0.29;0.15;0.29;Matches
122;Cody Gakpo;nl NED;Liverpool;26-146;1999;6;5;466;05.feb;1;2;3;1;0;0;0;0;0.7;0.7;01.jun;02.mar;20;18;49;0.19;0.39;0.58;0.19;0.58;0.14;0.31;0.45;0.14;0.45;Matches
123;Idrissa Gana Gueye;sn SEN;Everton;36-004;1989;6;6;526;05.aug;1;0;1;1;0;0;0;0;0.7;0.7;0.1;0.9;2;30;9;0.17;0.00;0.17;0.17;0.17;0.13;0.02;0.15;0.13;0.15;Matches
124;Alejandro Garnacho;ar ARG;Chelsea;21-091;2004;1;0;11;0.1;0;0;0;0;0;0;0;0;0.0;0.0;0.1;0.1;3;0;2;0.00;0.00;0.00;0.00;0.00;0.00;0.66;0.66;0.00;0.66;Matches
125;James Garner;eng ENG;Everton;24-201;2001;6;6;540;6.0;1;1;2;1;0;0;1;0;0.4;0.4;0.7;01.feb;4;33;11;0.17;0.17;0.33;0.17;0.33;0.07;0.12;0.19;0.07;0.19;Matches
Rk;Player;Nation;Squad;Age;Born;MP;Starts;Min;90s;Gls;Ast;G+A;G-PK;PK;PKatt;CrdY;CrdR;xG;npxG;xAG;npxG+xAG;PrgC;PrgP;PrgR;Gls;Ast;G+A;G-PK;G+A-PK;xG;xAG;xG+xAG;npxG;npxG+xAG;Matches
126;Lutsharel Geertruida;nl NED;Sunderland;25-074;2000;3;0;47;0.5;0;0;0;0;0;0;0;0;0.6;0.6;0.0;0.6;2;0;0;0.00;0.00;0.00;0.00;0.00;jan.17;0.00;jan.17;jan.17;jan.17;Matches
127;Tyrique George;eng ENG;Chelsea;19-238;2006;3;0;138;01.mai;0;0;0;0;0;0;2;0;0.2;0.2;0.0;0.2;1;4;9;0.00;0.00;0.00;0.00;0.00;0.16;0.00;0.16;0.16;0.16;Matches
128;Morgan Gibbs-White;eng ENG;Nott'ham Forest;25-246;2000;6;5;464;05.feb;0;1;1;0;0;0;0;0;0.9;0.9;0.4;01.feb;17;41;47;0.00;0.19;0.19;0.00;0.19;0.17;0.07;0.24;0.17;0.24;Matches
129;Jamie Gittens;eng ENG;Chelsea;21-053;2004;4;2;145;01.jun;0;0;0;0;0;0;0;0;0.1;0.1;0.1;0.2;5;1;11;0.00;0.00;0.00;0.00;0.00;0.07;0.09;0.15;0.07;0.15;Matches
130;Wilfried Gnonto;it ITA;Leeds United;21-329;2003;4;3;194;02.feb;0;0;0;0;0;0;1;0;0.2;0.2;0.1;0.3;4;4;14;0.00;0.00;0.00;0.00;0.00;0.08;0.04;0.12;0.08;0.12;Matches
131;João Gomes;br BRA;Wolves;24-230;2001;6;6;514;05.jul;0;0;0;0;0;0;3;0;0.2;0.2;0.1;0.4;5;33;6;0.00;0.00;0.00;0.00;0.00;0.04;0.03;0.07;0.04;0.07;Matches
132;Rodrigo Gomes;pt POR;Wolves;22-085;2003;4;2;165;01.aug;1;0;1;1;0;0;0;0;0.7;0.7;0.1;0.7;3;2;15;0.55;0.00;0.55;0.55;0.55;0.36;0.04;0.40;0.36;0.40;Matches
133;Toti Gomes;pt POR;Wolves;26-257;1999;5;5;390;04.mar;0;0;0;0;0;0;1;1;0.0;0.0;0.0;0.1;5;10;1;0.00;0.00;0.00;0.00;0.00;0.01;0.01;0.02;0.01;0.02;Matches
134;Diego Gómez;py PAR;Brighton;22-187;2003;5;2;235;02.jun;0;0;0;0;0;0;2;0;0.1;0.1;0.4;0.6;1;7;4;0.00;0.00;0.00;0.00;0.00;0.05;0.16;0.21;0.05;0.21;Matches
135;Joe Gomez;eng ENG;Liverpool;28-130;1997;2;0;29;0.3;0;0;0;0;0;0;0;0;0.0;0.0;0.0;0.0;0;1;0;0.00;0.00;0.00;0.00;0.00;0.00;0.00;0.00;0.00;0.00;Matches
136;Nicolás González;es ESP;Manchester City;23-270;2002;5;3;283;03.jan;0;0;0;0;0;0;1;0;0.1;0.1;0.3;0.4;4;22;5;0.00;0.00;0.00;0.00;0.00;0.03;0.10;0.13;0.03;0.13;Matches
137;Anthony Gordon;eng ENG;Newcastle Utd;24-218;2001;3;3;201;02.feb;0;0;0;0;0;0;0;1;01.jan;01.jan;0.1;01.feb;5;5;6;0.00;0.00;0.00;0.00;0.00;0.51;0.05;0.56;0.51;0.56;Matches
138;Ryan Gravenberch;nl NED;Liverpool;23-137;2002;5;5;450;5.0;2;1;3;2;0;0;2;0;0.4;0.4;0.6;1.0;15;27;12;0.40;0.20;0.60;0.40;0.60;0.08;0.11;0.19;0.08;0.19;Matches
139;Archie Gray;eng ENG;Tottenham;19-202;2006;2;1;72;0.8;0;0;0;0;0;0;0;0;0.0;0.0;0.0;0.0;2;7;0;0.00;0.00;0.00;0.00;0.00;0.00;0.03;0.03;0.00;0.03;Matches
140;Jack Grealish;eng ENG;Everton;30-020;1995;6;5;467;05.feb;0;4;4;0;0;0;2;0;0.4;0.4;02.apr;02.aug;43;24;60;0.00;0.77;0.77;0.00;0.77;0.08;0.46;0.55;0.08;0.55;Matches
141;Brajan Gruda;de GER;Brighton;21-122;2004;6;1;150;01.jul;1;1;2;1;0;0;0;0;01.feb;01.feb;0.4;01.jul;5;3;11;0.60;0.60;jan.20;0.60;jan.20;0.73;0.25;0.98;0.73;0.98;Matches
142;Ilia Gruev;bg BUL;Leeds United;25-147;2000;3;2;192;02.jan;0;0;0;0;0;0;0;0;0.0;0.0;0.0;0.0;0;6;0;0.00;0.00;0.00;0.00;0.00;0.00;0.00;0.00;0.00;0.00;Matches
143;Gabriel Gudmundsson;se SWE;Leeds United;26-154;1999;6;6;530;05.sep;0;0;0;0;0;0;1;0;0.2;0.2;0.3;0.5;15;19;18;0.00;0.00;0.00;0.00;0.00;0.03;0.05;0.08;0.03;0.08;Matches
144;Marc Guéhi;eng ENG;Crystal Palace;25-079;2000;6;6;540;6.0;1;1;2;1;0;0;0;0;0.4;0.4;0.5;0.9;4;23;1;0.17;0.17;0.33;0.17;0.33;0.07;0.08;0.14;0.07;0.14;Matches
145;Evann Guessand;ci CIV;Aston Villa;24-091;2001;5;3;260;02.sep;0;0;0;0;0;0;0;0;0.3;0.3;0.0;0.3;8;7;20;0.00;0.00;0.00;0.00;0.00;0.11;0.00;0.11;0.11;0.11;Matches
146;Luis Guilherme;br BRA;West Ham;19-233;2006;3;0;54;0.6;0;0;0;0;0;0;0;0;0.1;0.1;0.0;0.1;1;0;3;0.00;0.00;0.00;0.00;0.00;0.11;0.00;0.11;0.11;0.11;Matches
147;Bruno Guimarães;br BRA;Newcastle Utd;27-318;1997;5;5;450;5.0;1;0;1;1;0;0;2;0;0.2;0.2;0.2;0.5;3;28;13;0.20;0.00;0.20;0.20;0.20;0.05;0.04;0.09;0.05;0.09;Matches
148;Marc Guiu;es ESP;Sunderland;19-269;2006;2;0;13;0.1;0;0;0;0;0;0;0;0;0.0;0.0;0.0;0.0;0;1;1;0.00;0.00;0.00;0.00;0.00;0.14;0.00;0.14;0.14;0.14;Matches
149;Malo Gusto;fr FRA;Chelsea;22-134;2003;5;2;223;02.mai;0;0;0;0;0;0;0;0;0.0;0.0;0.0;0.0;4;13;15;0.00;0.00;0.00;0.00;0.00;0.01;0.01;0.02;0.01;0.02;Matches
150;Joško Gvardiol;hr CRO;Manchester City;23-250;2002;3;3;250;02.aug;0;0;0;0;0;0;0;0;0.0;0.0;0.1;0.1;2;17;0;0.00;0.00;0.00;0.00;0.00;0.01;0.03;0.05;0.01;0.05;Matches
Rk;Player;Nation;Squad;Age;Born;MP;Starts;Min;90s;Gls;Ast;G+A;G-PK;PK;PKatt;CrdY;CrdR;xG;npxG;xAG;npxG+xAG;PrgC;PrgP;PrgR;Gls;Ast;G+A;G-PK;G+A-PK;xG;xAG;xG+xAG;npxG;npxG+xAG;Matches
151;Viktor Gyökeres;se SWE;Arsenal;27-118;1998;6;6;488;05.apr;3;0;3;2;1;1;1;0;02.apr;01.jun;0.3;01.sep;3;4;29;0.55;0.00;0.55;0.37;0.37;0.44;0.05;0.49;0.30;0.35;Matches
152;Erling Haaland;no NOR;Manchester City;25-071;2000;6;6;506;05.jun;8;1;9;8;0;0;0;0;07.mai;07.mai;01.jan;08.jun;9;5;17;jan.42;0.18;jan.60;jan.42;jan.60;jan.34;0.20;jan.54;jan.34;jan.54;Matches
153;Lewis Hall;eng ENG;Newcastle Utd;21-022;2004;3;1;133;01.mai;0;0;0;0;0;0;0;0;0.0;0.0;0.0;0.0;0;9;7;0.00;0.00;0.00;0.00;0.00;0.02;0.00;0.02;0.02;0.02;Matches
154;Jack Harrison;eng ENG;Leeds United;28-314;1996;5;0;106;01.feb;0;0;0;0;0;0;0;0;0.1;0.1;0.0;0.1;6;3;7;0.00;0.00;0.00;0.00;0.00;0.06;0.00;0.06;0.06;0.06;Matches
155;Quilindschy Hartman;nl NED;Burnley;23-320;2001;6;6;538;6.0;0;1;1;0;0;0;1;0;0.1;0.1;0.3;0.5;1;14;16;0.00;0.17;0.17;0.00;0.17;0.02;0.06;0.08;0.02;0.08;Matches
156;Jorrel Hato;nl NED;Chelsea;19-207;2006;3;2;145;01.jun;0;0;0;0;0;0;2;0;0.0;0.0;0.0;0.0;0;3;1;0.00;0.00;0.00;0.00;0.00;0.00;0.00;0.00;0.00;0.00;Matches
157;Kai Havertz;de GER;Arsenal;26-111;1999;1;0;30;0.3;0;0;0;0;0;0;0;0;0.0;0.0;0.0;0.0;1;2;2;0.00;0.00;0.00;0.00;0.00;0.00;0.00;0.00;0.00;0.00;Matches
158;Ayden Heaven;eng ENG;Manchester Utd;19-008;2006;1;0;3;0.0;0;0;0;0;0;0;0;0;0.0;0.0;0.0;0.0;0;0;0;0.00;0.00;0.00;0.00;0.00;0.00;0.00;0.00;0.00;0.00;Matches
159;Jan Paul van Hecke;nl NED;Brighton;25-114;2000;6;6;540;6.0;0;0;0;0;0;0;2;0;0.3;0.3;0.0;0.3;11;34;1;0.00;0.00;0.00;0.00;0.00;0.06;0.00;0.06;0.06;0.06;Matches
160;Hwang Hee-chan;kr KOR;Wolves;29-247;1996;5;3;218;02.apr;1;0;1;1;0;0;0;0;0.6;0.6;0.0;0.6;2;4;9;0.41;0.00;0.41;0.41;0.41;0.24;0.01;0.25;0.24;0.25;Matches
161;Dean Henderson;eng ENG;Crystal Palace;28-202;1997;6;6;540;6.0;0;0;0;0;0;0;1;0;0.0;0.0;0.0;0.0;0;0;0;0.00;0.00;0.00;0.00;0.00;0.00;0.00;0.00;0.00;0.00;Matches
162;Jordan Henderson;eng ENG;Brentford;35-105;1990;6;5;406;04.mai;0;2;2;0;0;0;0;0;0.0;0.0;0.5;0.5;3;20;2;0.00;0.44;0.44;0.00;0.44;0.01;0.10;0.11;0.01;0.11;Matches
163;Rico Henry;eng ENG;Brentford;28-084;1997;6;1;168;01.sep;0;0;0;0;0;0;1;0;0.1;0.1;0.1;0.3;12;2;11;0.00;0.00;0.00;0.00;0.00;0.07;0.07;0.13;0.07;0.13;Matches
164;Mads Hermansen;dk DEN;West Ham;25-081;2000;4;4;360;4.0;0;0;0;0;0;0;0;0;0.0;0.0;0.0;0.0;0;0;0;0.00;0.00;0.00;0.00;0.00;0.00;0.00;0.00;0.00;0.00;Matches
165;Aaron Hickey;sct SCO;Brentford;23-112;2002;4;1;95;01.jan;0;0;0;0;0;0;1;0;0.0;0.0;0.0;0.0;0;3;4;0.00;0.00;0.00;0.00;0.00;0.00;0.00;0.00;0.00;0.00;Matches
166;James Hill;eng ENG;Bournemouth;23-263;2002;4;1;198;02.feb;0;0;0;0;0;0;1;0;0.1;0.1;0.0;0.1;0;8;5;0.00;0.00;0.00;0.00;0.00;0.06;0.00;0.06;0.06;0.06;Matches
167;Jack Hinshelwood;eng ENG;Brighton;20-172;2005;3;2;109;01.feb;0;0;0;0;0;0;0;0;0.0;0.0;0.0;0.0;2;2;1;0.00;0.00;0.00;0.00;0.00;0.00;0.00;0.00;0.00;0.00;Matches
168;Ki-Jana Hoever;nl NED;Wolves;23-255;2002;2;2;108;01.feb;0;0;0;0;0;0;0;0;0.0;0.0;0.2;0.2;1;2;9;0.00;0.00;0.00;0.00;0.00;0.00;0.21;0.21;0.00;0.21;Matches
169;Callum Hudson-Odoi;eng ENG;Nott'ham Forest;24-327;2000;6;4;372;04.jan;1;0;1;1;0;0;0;0;0.4;0.4;0.7;01.jan;21;16;54;0.24;0.00;0.24;0.24;0.24;0.09;0.16;0.26;0.09;0.26;Matches
170;Will Hughes;eng ENG;Crystal Palace;30-166;1995;6;5;414;04.jun;0;0;0;0;0;0;3;0;0.2;0.2;0.5;0.6;2;25;3;0.00;0.00;0.00;0.00;0.00;0.03;0.10;0.14;0.03;0.14;Matches
171;Trai Hume;nir NIR;Sunderland;23-196;2002;6;6;540;6.0;0;0;0;0;0;0;0;0;0.1;0.1;0.2;0.3;5;21;16;0.00;0.00;0.00;0.00;0.00;0.01;0.04;0.05;0.01;0.05;Matches
172;Bashir Humphreys;eng ENG;Burnley;22-199;2003;1;0;2;0.0;0;0;0;0;0;0;0;0;0.0;0.0;0.0;0.0;0;0;0;0.00;0.00;0.00;0.00;0.00;0.00;0.00;0.00;0.00;0.00;Matches
173;Omari Hutchinson;eng ENG;Nott'ham Forest;21-335;2003;3;0;27;0.3;0;0;0;0;0;0;0;0;0.4;0.4;0.6;1.0;4;2;8;0.00;0.00;0.00;0.00;0.00;jan.25;jan.80;03.jun;jan.25;03.jun;Matches
174;Tim Iroegbunam;eng ENG;Everton;22-092;2003;4;3;222;02.mai;0;0;0;0;0;0;3;0;0.2;0.2;0.0;0.2;1;6;2;0.00;0.00;0.00;0.00;0.00;0.06;0.00;0.06;0.06;0.06;Matches
175;Andy Irving;sct SCO;West Ham;25-140;2000;2;0;23;0.3;0;0;0;0;0;0;0;0;0.0;0.0;0.0;0.0;0;4;0;0.00;0.00;0.00;0.00;0.00;0.00;0.15;0.15;0.00;0.15;Matches
Rk;Player;Nation;Squad;Age;Born;MP;Starts;Min;90s;Gls;Ast;G+A;G-PK;PK;PKatt;CrdY;CrdR;xG;npxG;xAG;npxG+xAG;PrgC;PrgP;PrgR;Gls;Ast;G+A;G-PK;G+A-PK;xG;xAG;xG+xAG;npxG;npxG+xAG;Matches
176;Alexander Isak;se SWE;Liverpool;26-009;1999;2;1;107;01.feb;0;0;0;0;0;0;0;0;0.4;0.4;0.0;0.4;0;2;5;0.00;0.00;0.00;0.00;0.00;0.36;0.00;0.36;0.36;0.36;Matches
177;Wilson Isidor;fr FRA;Sunderland;25-034;2000;6;3;321;03.jun;3;0;3;3;0;0;0;0;01.feb;01.feb;0.0;01.feb;1;3;13;0.84;0.00;0.84;0.84;0.84;0.35;0.00;0.35;0.35;0.35;Matches
178;Alex Iwobi;ng NGA;Fulham;29-150;1996;6;6;461;05.jan;1;2;3;1;0;0;1;0;0.3;0.3;01.mar;01.jun;24;33;27;0.20;0.39;0.59;0.20;0.59;0.06;0.25;0.31;0.06;0.31;Matches
179;Daniel James;wls WAL;Leeds United;27-324;1997;4;3;216;02.apr;0;0;0;0;0;0;0;0;0.4;0.4;0.3;0.7;8;5;17;0.00;0.00;0.00;0.00;0.00;0.18;0.12;0.30;0.18;0.30;Matches
180;Reece James;eng ENG;Chelsea;25-296;1999;6;3;334;03.jul;0;1;1;0;0;0;2;0;0.1;0.1;01.jan;01.feb;8;17;16;0.00;0.27;0.27;0.00;0.27;0.03;0.30;0.33;0.03;0.33;Matches
181;Vitaly Janelt;de GER;Brentford;27-143;1998;2;0;25;0.3;0;0;0;0;0;0;0;0;0.0;0.0;0.0;0.0;0;2;0;0.00;0.00;0.00;0.00;0.00;0.00;0.04;0.04;0.00;0.04;Matches
182;Mathias Jensen;dk DEN;Brentford;29-272;1996;3;2;153;01.jul;1;0;1;1;0;0;0;0;0.2;0.2;0.2;0.4;2;11;2;0.59;0.00;0.59;0.59;0.59;0.13;0.11;0.24;0.13;0.24;Matches
183;Igor Jesus;br BRA;Nott'ham Forest;24-217;2001;5;0;74;0.8;0;0;0;0;0;0;0;0;0.3;0.3;0.0;0.3;0;1;4;0.00;0.00;0.00;0.00;0.00;0.34;0.05;0.39;0.34;0.39;Matches
184;Álex Jiménez;es ESP;Bournemouth;20-145;2005;3;2;121;01.mar;0;0;0;0;0;0;3;0;0.1;0.1;0.1;0.1;5;7;3;0.00;0.00;0.00;0.00;0.00;0.06;0.04;0.10;0.06;0.10;Matches
185;Raúl Jiménez;mx MEX;Fulham;34-148;1991;6;2;142;01.jun;1;0;1;1;0;0;0;0;0.5;0.5;0.0;0.5;0;3;5;0.63;0.00;0.63;0.63;0.63;0.28;0.00;0.28;0.28;0.28;Matches
186;João Pedro;br BRA;Chelsea;24-004;2001;6;6;512;05.jul;2;3;5;2;0;0;0;0;01.mai;01.mai;01.apr;02.sep;13;19;37;0.35;0.53;0.88;0.35;0.88;0.26;0.26;0.52;0.26;0.52;Matches
187;Joelinton;br BRA;Newcastle Utd;29-047;1996;4;4;314;03.mai;0;0;0;0;0;0;2;0;0.1;0.1;0.7;0.8;6;14;9;0.00;0.00;0.00;0.00;0.00;0.02;0.21;0.24;0.02;0.24;Matches
188;Brennan Johnson;wls WAL;Tottenham;24-130;2001;6;3;268;3.0;2;0;2;2;0;0;1;0;0.9;0.9;0.2;01.jan;8;6;18;0.67;0.00;0.67;0.67;0.67;0.30;0.06;0.36;0.30;0.36;Matches
189;Sam Johnstone;eng ENG;Wolves;32-189;1993;2;2;180;2.0;0;0;0;0;0;0;0;0;0.0;0.0;0.0;0.0;0;0;0;0.00;0.00;0.00;0.00;0.00;0.00;0.00;0.00;0.00;0.00;Matches
190;Curtis Jones;eng ENG;Liverpool;24-243;2001;5;1;191;02.jan;0;0;0;0;0;0;0;0;0.0;0.0;0.4;0.4;3;25;5;0.00;0.00;0.00;0.00;0.00;0.02;0.18;0.20;0.02;0.20;Matches
191;Eli Junior Kroupi;fr FRA;Bournemouth;19-099;2006;3;0;20;0.2;1;0;1;1;0;0;1;0;0.2;0.2;0.0;0.2;1;0;1;apr.50;0.00;apr.50;apr.50;apr.50;0.77;0.00;0.77;0.77;0.77;Matches
192;Hamed Junior Traorè;ci CIV;Bournemouth;25-226;2000;1;0;16;0.2;0;1;1;0;0;0;0;0;0.0;0.0;0.2;0.2;0;0;0;0.00;mai.63;mai.63;0.00;mai.63;0.00;01.okt;01.okt;0.00;01.okt;Matches
193;James Justin;eng ENG;Leeds United;27-219;1998;2;0;17;0.2;0;0;0;0;0;0;0;0;0.0;0.0;0.0;0.0;0;0;0;0.00;0.00;0.00;0.00;0.00;0.00;0.00;0.00;0.00;0.00;Matches
194;Filip Jørgensen;dk DEN;Chelsea;23-167;2002;1;0;83;0.9;0;0;0;0;0;0;0;0;0.0;0.0;0.0;0.0;0;0;0;0.00;0.00;0.00;0.00;0.00;0.00;0.00;0.00;0.00;0.00;Matches
195;Ferdi Kadioglu;tr TUR;Brighton;25-358;1999;5;2;285;03.feb;0;0;0;0;0;0;2;0;0.1;0.1;0.4;0.4;6;11;11;0.00;0.00;0.00;0.00;0.00;0.02;0.12;0.14;0.02;0.14;Matches
196;Sasa Kalajdzic;at AUT;Wolves;28-085;1997;1;0;14;0.2;0;0;0;0;0;0;0;0;0.0;0.0;0.0;0.0;0;0;2;0.00;0.00;0.00;0.00;0.00;0.00;0.00;0.00;0.00;0.00;Matches
197;Arnaud Kalimuendo;fr FRA;Nott'ham Forest;23-253;2002;4;0;64;0.7;0;0;0;0;0;0;0;0;0.4;0.4;0.0;0.4;4;2;12;0.00;0.00;0.00;0.00;0.00;0.46;0.02;0.47;0.46;0.47;Matches
198;Daichi Kamada;jp JPN;Crystal Palace;29-056;1996;4;4;356;4.0;0;0;0;0;0;0;0;0;0.3;0.3;0.9;01.feb;5;18;15;0.00;0.00;0.00;0.00;0.00;0.08;0.23;0.31;0.08;0.31;Matches
199;Boubacar Kamara;fr FRA;Aston Villa;25-311;1999;4;3;206;02.mar;0;1;1;0;0;0;1;0;0.1;0.1;0.1;0.1;2;23;0;0.00;0.44;0.44;0.00;0.44;0.02;0.03;0.05;0.02;0.05;Matches
200;Michael Kayode;it ITA;Brentford;21-082;2004;6;6;528;05.sep;0;0;0;0;0;0;0;0;0.0;0.0;0.4;0.4;9;11;24;0.00;0.00;0.00;0.00;0.00;0.00;0.06;0.06;0.00;0.06;Matches
Rk;Player;Nation;Squad;Age;Born;MP;Starts;Min;90s;Gls;Ast;G+A;G-PK;PK;PKatt;CrdY;CrdR;xG;npxG;xAG;npxG+xAG;PrgC;PrgP;PrgR;Gls;Ast;G+A;G-PK;G+A-PK;xG;xAG;xG+xAG;npxG;npxG+xAG;Matches
201;Michael Keane;eng ENG;Everton;32-262;1993;6;6;540;6.0;1;0;1;1;0;0;0;0;0.6;0.6;0.1;0.7;1;13;0;0.17;0.00;0.17;0.17;0.17;0.10;0.02;0.12;0.10;0.12;Matches
202;Caoimhín Kelleher;ie IRL;Brentford;26-311;1998;6;6;540;6.0;0;0;0;0;0;0;1;0;0.0;0.0;0.0;0.0;0;1;0;0.00;0.00;0.00;0.00;0.00;0.00;0.00;0.00;0.00;0.00;Matches
203;Milos Kerkez;hu HUN;Liverpool;21-327;2003;6;6;458;05.jan;0;0;0;0;0;0;2;0;0.2;0.2;0.1;0.3;7;22;21;0.00;0.00;0.00;0.00;0.00;0.04;0.02;0.05;0.04;0.05;Matches
204;Kevin;br BRA;Fulham;22-269;2003;3;0;62;0.7;0;0;0;0;0;0;1;0;0.0;0.0;0.0;0.1;4;3;11;0.00;0.00;0.00;0.00;0.00;0.03;0.06;0.09;0.03;0.09;Matches
205;Abdukodir Khusanov;uz UZB;Manchester City;21-213;2004;4;3;228;02.mai;0;0;0;0;0;0;1;0;0.0;0.0;0.0;0.0;2;5;4;0.00;0.00;0.00;0.00;0.00;0.00;0.00;0.00;0.00;0.00;Matches
206;Max Kilman;eng ENG;West Ham;28-130;1997;6;6;540;6.0;0;0;0;0;0;0;3;0;0.4;0.4;0.2;0.6;1;14;1;0.00;0.00;0.00;0.00;0.00;0.07;0.03;0.09;0.07;0.09;Matches
207;Joshua King;eng ENG;Fulham;18-270;2007;6;6;407;04.mai;0;0;0;0;0;0;2;0;0.7;0.7;0.1;0.9;11;16;25;0.00;0.00;0.00;0.00;0.00;0.16;0.03;0.19;0.16;0.19;Matches
208;Justin Kluivert;nl NED;Bournemouth;26-148;1999;5;1;131;01.mai;0;0;0;0;0;0;0;0;0.3;0.3;0.2;0.6;4;6;10;0.00;0.00;0.00;0.00;0.00;0.21;0.16;0.37;0.21;0.37;Matches
209;Ibrahima Konaté;fr FRA;Liverpool;26-128;1999;6;6;510;05.jul;0;0;0;0;0;0;2;0;0.6;0.6;0.3;0.9;7;24;0;0.00;0.00;0.00;0.00;0.00;0.11;0.05;0.16;0.11;0.16;Matches
210;Ezri Konsa;eng ENG;Aston Villa;27-342;1997;5;5;425;04.jul;0;0;0;0;0;0;0;1;0.0;0.0;0.0;0.0;4;18;1;0.00;0.00;0.00;0.00;0.00;0.00;0.01;0.01;0.00;0.01;Matches
211;Ladislav Krejčí;cz CZE;Wolves;26-163;1999;3;3;270;3.0;1;0;1;1;0;0;1;0;0.7;0.7;0.1;0.9;0;11;3;0.33;0.00;0.33;0.33;0.33;0.25;0.05;0.30;0.25;0.30;Matches
212;Mohammed Kudus;gh GHA;Tottenham;25-059;2000;6;6;531;05.sep;0;3;3;0;0;0;1;0;1.0;1.0;01.aug;02.aug;20;13;51;0.00;0.51;0.51;0.00;0.51;0.17;0.31;0.48;0.17;0.48;Matches
213;Maxence Lacroix;fr FRA;Crystal Palace;25-177;2000;6;6;540;6.0;0;1;1;0;0;0;1;0;0.3;0.3;0.5;0.8;0;8;1;0.00;0.17;0.17;0.00;0.17;0.05;0.09;0.14;0.05;0.14;Matches
214;Jamaal Lascelles;eng ENG;Newcastle Utd;31-323;1993;2;0;19;0.2;0;0;0;0;0;0;0;0;0.0;0.0;0.0;0.0;0;0;1;0.00;0.00;0.00;0.00;0.00;0.16;0.00;0.16;0.16;0.16;Matches
215;Josh Laurent;eng ENG;Burnley;30-147;1995;6;4;368;04.jan;0;0;0;0;0;0;1;0;0.2;0.2;0.2;0.3;2;7;9;0.00;0.00;0.00;0.00;0.00;0.04;0.04;0.08;0.04;0.08;Matches
216;Roméo Lavia;be BEL;Chelsea;21-267;2004;1;0;11;0.1;0;0;0;0;0;0;0;0;0.0;0.0;0.0;0.0;0;1;0;0.00;0.00;0.00;0.00;0.00;0.00;0.00;0.00;0.00;0.00;Matches
217;Enzo Le Fée;fr FRA;Sunderland;25-239;2000;5;3;286;03.feb;1;0;1;0;1;1;0;0;0.8;0.0;0.3;0.3;2;6;17;0.31;0.00;0.31;0.00;0.00;0.26;0.08;0.34;0.01;0.09;Matches
218;Bernd Leno;de GER;Fulham;33-210;1992;6;6;540;6.0;0;0;0;0;0;0;1;0;0.0;0.0;0.0;0.0;0;0;0;0.00;0.00;0.00;0.00;0.00;0.00;0.00;0.00;0.00;0.00;Matches
219;Jefferson Lerma;co COL;Crystal Palace;30-340;1994;6;1;172;01.sep;0;0;0;0;0;0;1;0;0.5;0.5;0.0;0.6;1;10;2;0.00;0.00;0.00;0.00;0.00;0.26;0.02;0.28;0.26;0.28;Matches
220;Rico Lewis;eng ENG;Manchester City;20-313;2004;4;2;168;01.sep;0;1;1;0;0;0;0;0;0.0;0.0;1.0;1.0;2;18;9;0.00;0.54;0.54;0.00;0.54;0.01;0.54;0.55;0.01;0.55;Matches
221;Keane Lewis-Potter;eng ENG;Brentford;24-220;2001;6;5;402;04.mai;0;0;0;0;0;0;0;0;0.1;0.1;0.0;0.2;5;5;13;0.00;0.00;0.00;0.00;0.00;0.03;0.01;0.04;0.03;0.04;Matches
222;Myles Lewis-Skelly;eng ENG;Arsenal;19-004;2006;4;0;68;0.8;0;0;0;0;0;0;1;0;0.0;0.0;0.0;0.0;1;1;5;0.00;0.00;0.00;0.00;0.00;0.00;0.00;0.00;0.00;0.00;Matches
223;Matthijs de Ligt;nl NED;Manchester Utd;26-049;1999;6;6;540;6.0;0;0;0;0;0;0;0;0;0.5;0.5;0.5;1.0;3;13;6;0.00;0.00;0.00;0.00;0.00;0.08;0.09;0.16;0.08;0.16;Matches
224;Victor Lindelöf;se SWE;Aston Villa;31-075;1994;2;0;15;0.2;0;0;0;0;0;0;0;0;0.0;0.0;0.0;0.0;0;2;0;0.00;0.00;0.00;0.00;0.00;0.00;0.00;0.00;0.00;0.00;Matches
225;Valentino Livramento;eng ENG;Newcastle Utd;22-322;2002;6;6;527;05.sep;0;1;1;0;0;0;0;0;0.0;0.0;0.2;0.2;14;24;38;0.00;0.17;0.17;0.00;0.17;0.00;0.03;0.03;0.00;0.03;Matches
Rk;Player;Nation;Squad;Age;Born;MP;Starts;Min;90s;Gls;Ast;G+A;G-PK;PK;PKatt;CrdY;CrdR;xG;npxG;xAG;npxG+xAG;PrgC;PrgP;PrgR;Gls;Ast;G+A;G-PK;G+A-PK;xG;xAG;xG+xAG;npxG;npxG+xAG;Matches
226;Sean Longstaff;eng ENG;Leeds United;27-335;1997;5;4;385;04.mar;1;1;2;1;0;0;0;0;0.2;0.2;1.0;01.feb;0;8;8;0.23;0.23;0.47;0.23;0.47;0.05;0.23;0.28;0.05;0.28;Matches
227;Fer López;es ESP;Wolves;21-129;2004;4;1;102;01.jan;0;1;1;0;0;0;1;0;0.1;0.1;0.7;0.9;4;13;9;0.00;0.88;0.88;0.00;0.88;0.10;0.64;0.74;0.10;0.74;Matches
228;Florentino Luís;pt POR;Burnley;26-042;1999;3;2;207;02.mar;0;0;0;0;0;0;1;0;0.0;0.0;0.0;0.0;1;12;0;0.00;0.00;0.00;0.00;0.00;0.00;0.02;0.02;0.00;0.02;Matches
229;Douglas Luiz;br BRA;Nott'ham Forest;27-144;1998;1;1;76;0.8;0;0;0;0;0;0;0;0;0.0;0.0;0.0;0.0;3;1;4;0.00;0.00;0.00;0.00;0.00;0.02;0.02;0.04;0.02;0.04;Matches
230;Saša Lukić;rs SRB;Fulham;29-048;1996;6;6;536;6.0;0;1;1;0;0;0;4;0;1.0;1.0;1.0;2.0;12;18;18;0.00;0.17;0.17;0.00;0.17;0.16;0.18;0.34;0.16;0.34;Matches
231;Ian Maatsen;nl NED;Aston Villa;23-204;2002;3;1;146;01.jun;0;0;0;0;0;0;1;0;0.1;0.1;0.2;0.3;6;14;13;0.00;0.00;0.00;0.00;0.00;0.09;0.11;0.20;0.09;0.20;Matches
232;Alexis Mac Allister;ar ARG;Liverpool;26-280;1998;5;5;304;03.apr;0;1;1;0;0;0;0;0;0.2;0.2;0.8;01.jan;10;13;8;0.00;0.30;0.30;0.00;0.30;0.07;0.25;0.32;0.07;0.32;Matches
233;Noni Madueke;eng ENG;Arsenal;23-204;2002;5;4;306;03.apr;0;0;0;0;0;0;0;0;0.3;0.3;0.8;01.jan;18;9;44;0.00;0.00;0.00;0.00;0.00;0.09;0.25;0.34;0.09;0.34;Matches
234;Gabriel Magalhães;br BRA;Arsenal;27-285;1997;6;6;540;6.0;1;0;1;1;0;0;0;0;0.5;0.5;0.0;0.5;5;26;1;0.17;0.00;0.17;0.17;0.17;0.08;0.00;0.08;0.08;0.08;Matches
235;Soungoutou Magassa;fr FRA;West Ham;21-357;2003;3;1;100;01.jan;0;0;0;0;0;0;1;0;0.0;0.0;0.0;0.0;0;2;2;0.00;0.00;0.00;0.00;0.00;0.00;0.00;0.00;0.00;0.00;Matches
236;Harry Maguire;eng ENG;Manchester Utd;32-209;1993;5;2;177;2.0;0;1;1;0;0;0;0;0;0.2;0.2;0.4;0.6;1;8;2;0.00;0.51;0.51;0.00;0.51;0.12;0.18;0.30;0.12;0.30;Matches
237;Kobbie Mainoo;eng ENG;Manchester Utd;20-164;2005;4;0;100;01.jan;0;0;0;0;0;0;0;0;0.1;0.1;0.1;0.2;5;5;3;0.00;0.00;0.00;0.00;0.00;0.06;0.12;0.18;0.06;0.18;Matches
238;Donyell Malen;nl NED;Aston Villa;26-264;1999;6;1;147;01.jun;0;0;0;0;0;0;0;0;0.4;0.4;0.1;0.5;2;3;12;0.00;0.00;0.00;0.00;0.00;0.23;0.06;0.29;0.23;0.29;Matches
239;Reinildo Mandava;mz MOZ;Sunderland;31-252;1994;5;5;392;04.apr;0;0;0;0;0;0;1;1;0.0;0.0;0.0;0.0;11;21;8;0.00;0.00;0.00;0.00;0.00;0.00;0.00;0.00;0.00;0.00;Matches
240;Omar Marmoush;eg EGY;Manchester City;26-235;1999;3;2;150;01.jul;0;1;1;0;0;0;0;0;0.8;0.8;1.0;01.aug;7;5;14;0.00;0.60;0.60;0.00;0.60;0.50;0.58;01.aug;0.50;01.aug;Matches
241;Gabriel Martinelli;br BRA;Arsenal;24-104;2001;5;2;172;01.sep;1;0;1;1;0;0;0;0;0.3;0.3;0.0;0.3;5;4;6;0.52;0.00;0.52;0.52;0.52;0.14;0.02;0.16;0.14;0.16;Matches
242;Emiliano Martínez;ar ARG;Aston Villa;33-028;1992;4;4;360;4.0;0;0;0;0;0;0;0;0;0.0;0.0;0.0;0.0;0;0;0;0.00;0.00;0.00;0.00;0.00;0.00;0.00;0.00;0.00;0.00;Matches
243;Arthur Masuaku;cd COD;Sunderland;31-327;1993;2;1;69;0.8;0;0;0;0;0;0;1;0;0.1;0.1;0.0;0.1;1;2;2;0.00;0.00;0.00;0.00;0.00;0.09;0.00;0.09;0.09;0.09;Matches
244;Pape Matar Sarr;sn SEN;Tottenham;23-016;2002;5;4;358;4.0;1;2;3;1;0;0;0;0;0.3;0.3;0.5;0.8;4;12;14;0.25;0.50;0.75;0.25;0.75;0.08;0.13;0.21;0.08;0.21;Matches
245;Jean-Philippe Mateta;fr FRA;Crystal Palace;28-094;1997;6;6;533;05.sep;2;0;2;1;1;1;2;0;03.jun;02.aug;0.1;02.sep;2;5;20;0.34;0.00;0.34;0.17;0.17;0.61;0.02;0.63;0.47;0.50;Matches
246;Konstantinos Mavropanos;gr GRE;West Ham;27-293;1997;4;4;360;4.0;0;0;0;0;0;0;1;0;0.4;0.4;0.0;0.4;2;17;0;0.00;0.00;0.00;0.00;0.00;0.10;0.00;0.10;0.10;0.10;Matches
247;Eliezer Mayenda;es ESP;Sunderland;20-145;2005;4;3;214;02.apr;1;0;1;1;0;0;0;0;0.4;0.4;0.3;0.7;2;1;5;0.42;0.00;0.42;0.42;0.42;0.17;0.11;0.28;0.17;0.28;Matches
248;Noussair Mazraoui;ma MAR;Manchester Utd;27-320;1997;3;2;132;01.mai;0;0;0;0;0;0;0;0;0.0;0.0;0.0;0.0;6;19;13;0.00;0.00;0.00;0.00;0.00;0.00;0.00;0.00;0.00;0.00;Matches
249;Bryan Mbeumo;cm CMR;Manchester Utd;26-054;1999;6;6;520;05.aug;1;0;1;1;0;0;0;0;01.aug;01.aug;01.apr;03.mar;19;14;56;0.17;0.00;0.17;0.17;0.17;0.32;0.25;0.57;0.32;0.57;Matches
250;James Mcatee;eng ENG;Nott'ham Forest;22-347;2002;4;1;127;01.apr;0;0;0;0;0;0;0;0;0.0;0.0;0.4;0.4;4;9;8;0.00;0.00;0.00;0.00;0.00;0.01;0.25;0.26;0.01;0.26;Matches
Rk;Player;Nation;Squad;Age;Born;MP;Starts;Min;90s;Gls;Ast;G+A;G-PK;PK;PKatt;CrdY;CrdR;xG;npxG;xAG;npxG+xAG;PrgC;PrgP;PrgR;Gls;Ast;G+A;G-PK;G+A-PK;xG;xAG;xG+xAG;npxG;npxG+xAG;Matches
251;John McGinn;sct SCO;Aston Villa;30-347;1994;6;6;484;05.apr;1;0;1;1;0;0;1;0;0.6;0.6;0.7;01.mar;9;24;15;0.19;0.00;0.19;0.19;0.19;0.10;0.14;0.24;0.10;0.24;Matches
252;Dwight McNeil;eng ENG;Everton;25-312;1999;1;0;19;0.2;0;0;0;0;0;0;0;0;0.2;0.2;0.1;0.4;0;0;2;0.00;0.00;0.00;0.00;0.00;01.okt;0.64;jan.74;01.okt;jan.74;Matches
253;Hannibal Mejbri;tn TUN;Burnley;22-252;2003;6;3;249;02.aug;0;0;0;0;0;0;0;0;0.2;0.2;0.4;0.5;6;5;8;0.00;0.00;0.00;0.00;0.00;0.06;0.13;0.19;0.06;0.19;Matches
254;Mikel Merino;es ESP;Arsenal;29-100;1996;5;3;232;02.jun;1;0;1;1;0;0;0;0;0.2;0.2;0.1;0.3;5;9;8;0.39;0.00;0.39;0.39;0.39;0.07;0.04;0.11;0.07;0.11;Matches
255;Antoni Milambo;nl NED;Brentford;20-180;2005;1;1;45;0.5;0;0;0;0;0;0;0;0;0.0;0.0;0.0;0.0;1;3;1;0.00;0.00;0.00;0.00;0.00;0.00;0.00;0.00;0.00;0.00;Matches
256;Nikola Milenković;rs SRB;Nott'ham Forest;27-353;1997;6;6;540;6.0;0;0;0;0;0;0;1;0;0.1;0.1;0.3;0.4;4;18;0;0.00;0.00;0.00;0.00;0.00;0.01;0.05;0.06;0.01;0.06;Matches
257;Lewis Miley;eng ENG;Newcastle Utd;19-152;2006;4;1;166;01.aug;0;0;0;0;0;0;0;0;0.0;0.0;0.1;0.1;1;5;5;0.00;0.00;0.00;0.00;0.00;0.01;0.04;0.05;0.01;0.05;Matches
258;James Milner;eng ENG;Brighton;39-269;1986;4;1;125;01.apr;1;0;1;0;1;1;1;0;0.8;0.0;0.0;0.0;2;5;2;0.72;0.00;0.72;0.00;0.00;0.56;0.03;0.59;0.00;0.03;Matches
259;Veljko Milosavljević;rs SRB;Bournemouth;18-094;2007;1;1;90;1.0;0;0;0;0;0;0;0;0;0.0;0.0;0.1;0.1;0;3;0;0.00;0.00;0.00;0.00;0.00;0.00;0.06;0.06;0.00;0.06;Matches
260;Tyrone Mings;eng ENG;Aston Villa;32-201;1993;6;6;482;05.apr;0;0;0;0;0;0;0;0;0.3;0.3;0.1;0.4;1;27;3;0.00;0.00;0.00;0.00;0.00;0.05;0.02;0.07;0.05;0.07;Matches
261;Yankuba Minteh;gm GAM;Brighton;21-070;2004;6;6;504;05.jun;1;2;3;1;0;0;0;0;01.jun;01.jun;01.aug;03.apr;30;5;46;0.18;0.36;0.54;0.18;0.54;0.29;0.33;0.61;0.29;0.61;Matches
262;Tyrick Mitchell;eng ENG;Crystal Palace;26-029;1999;6;6;540;6.0;1;0;1;1;0;0;2;0;0.3;0.3;0.6;0.9;15;10;43;0.17;0.00;0.17;0.17;0.17;0.05;0.10;0.15;0.05;0.15;Matches
263;Kaoru Mitoma;jp JPN;Brighton;28-133;1997;6;6;510;05.jul;1;1;2;1;0;0;1;0;0.8;0.8;01.jan;01.aug;13;13;37;0.18;0.18;0.35;0.18;0.35;0.13;0.19;0.32;0.13;0.32;Matches
264;Morato;br BRA;Nott'ham Forest;24-092;2001;3;3;270;3.0;0;0;0;0;0;0;1;0;0.0;0.0;0.0;0.0;1;12;0;0.00;0.00;0.00;0.00;0.00;0.01;0.00;0.01;0.01;0.01;Matches
265;Cristhian Mosquera;es ESP;Arsenal;21-095;2004;4;2;246;02.jul;0;0;0;0;0;0;0;0;0.0;0.0;0.0;0.0;2;5;1;0.00;0.00;0.00;0.00;0.00;0.00;0.00;0.00;0.00;0.00;Matches
266;Yerson Mosquera;co COL;Wolves;24-151;2001;2;2;138;01.mai;0;0;0;0;0;0;0;0;0.1;0.1;0.0;0.1;1;0;0;0.00;0.00;0.00;0.00;0.00;0.04;0.00;0.04;0.04;0.04;Matches
267;Mason Mount;eng ENG;Manchester Utd;26-263;1999;5;3;208;02.mar;0;0;0;0;0;0;0;0;0.2;0.2;0.4;0.6;3;14;9;0.00;0.00;0.00;0.00;0.00;0.08;0.17;0.25;0.08;0.25;Matches
268;Nordi Mukiele;fr FRA;Sunderland;27-333;1997;4;4;360;4.0;0;0;0;0;0;0;0;0;0.1;0.1;0.3;0.4;2;9;2;0.00;0.00;0.00;0.00;0.00;0.04;0.06;0.10;0.04;0.10;Matches
269;Marshall Munetsi;zw ZIM;Wolves;29-100;1996;6;4;429;04.aug;0;1;1;0;0;0;1;0;0.5;0.5;0.4;1.0;4;8;14;0.00;0.21;0.21;0.00;0.21;0.11;0.09;0.20;0.11;0.20;Matches
270;Rodrigo Muniz;br BRA;Fulham;24-149;2001;5;4;319;03.mai;1;1;2;1;0;0;1;0;0.9;0.9;0.3;01.feb;0;2;7;0.28;0.28;0.56;0.28;0.56;0.27;0.08;0.34;0.27;0.34;Matches
271;Daniel Muñoz;co COL;Crystal Palace;29-127;1996;6;6;540;6.0;0;1;1;0;0;0;2;0;0.7;0.7;01.jun;02.mar;8;12;34;0.00;0.17;0.17;0.00;0.17;0.12;0.27;0.39;0.12;0.39;Matches
272;Murillo;br BRA;Nott'ham Forest;23-088;2002;4;4;307;03.apr;0;0;0;0;0;0;1;0;0.0;0.0;0.0;0.0;2;26;0;0.00;0.00;0.00;0.00;0.00;0.00;0.00;0.00;0.00;0.00;Matches
273;Jacob Murphy;eng ENG;Newcastle Utd;30-218;1995;5;4;293;03.mar;0;1;1;0;0;0;0;0;01.feb;01.feb;0.2;01.mar;7;8;35;0.00;0.31;0.31;0.00;0.31;0.36;0.05;0.41;0.36;0.41;Matches
274;Vitaliy Mykolenko;ua UKR;Everton;26-124;1999;3;3;266;3.0;0;0;0;0;0;0;1;0;0.0;0.0;0.0;0.0;1;17;11;0.00;0.00;0.00;0.00;0.00;0.00;0.02;0.02;0.00;0.02;Matches
275;David Møller Wolfe;no NOR;Wolves;23-160;2002;3;2;131;01.mai;0;1;1;0;0;0;0;0;0.0;0.0;0.3;0.3;3;2;7;0.00;0.69;0.69;0.00;0.69;0.00;0.18;0.18;0.00;0.18;Matches
Rk;Player;Nation;Squad;Age;Born;MP;Starts;Min;90s;Gls;Ast;G+A;G-PK;PK;PKatt;CrdY;CrdR;xG;npxG;xAG;npxG+xAG;PrgC;PrgP;PrgR;Gls;Ast;G+A;G-PK;G+A-PK;xG;xAG;xG+xAG;npxG;npxG+xAG;Matches
276;Iliman Ndiaye;sn SEN;Everton;25-208;2000;6;6;501;05.jun;2;1;3;2;0;0;1;0;01.apr;01.apr;0.8;02.feb;15;10;27;0.36;0.18;0.54;0.36;0.54;0.25;0.15;0.40;0.25;0.40;Matches
277;Dan Ndoye;ch SUI;Nott'ham Forest;24-340;2000;6;6;434;04.aug;1;1;2;1;0;0;0;0;0.2;0.2;0.5;0.7;28;8;51;0.21;0.21;0.41;0.21;0.41;0.03;0.11;0.14;0.03;0.14;Matches
278;Pedro Neto;pt POR;Chelsea;25-205;2000;6;6;437;04.sep;1;0;1;1;0;0;0;0;0.6;0.6;0.9;01.mai;22;16;49;0.21;0.00;0.21;0.21;0.21;0.12;0.19;0.31;0.12;0.31;Matches
279;Rio Ngumoha;eng ENG;Liverpool;17-032;2008;2;0;9;0.1;1;0;1;1;0;0;0;0;0.4;0.4;0.1;0.4;4;0;7;10.00;0.00;10.00;10.00;10.00;feb.66;0.53;mar.19;feb.66;mar.19;Matches
280;Eddie Nketiah;eng ENG;Crystal Palace;26-123;1999;2;0;30;0.3;1;0;1;1;0;0;1;0;0.6;0.6;0.1;0.7;0;1;1;3.00;0.00;3.00;3.00;3.00;jan.72;0.34;02.jun;jan.72;02.jun;Matches
281;Lukas Nmecha;de GER;Leeds United;26-290;1998;4;1;135;01.mai;1;0;1;0;1;1;0;0;0.9;0.2;0.0;0.2;1;1;7;0.67;0.00;0.67;0.00;0.00;0.58;0.00;0.58;0.11;0.11;Matches
282;Matheus Nunes;pt POR;Manchester City;27-034;1998;4;2;244;02.jul;1;0;1;1;0;0;0;0;0.2;0.2;0.0;0.2;6;12;9;0.37;0.00;0.37;0.37;0.37;0.07;0.00;0.07;0.07;0.07;Matches
283;Ethan Nwaneri;eng ENG;Arsenal;18-193;2007;3;0;130;01.apr;0;0;0;0;0;0;0;0;0.2;0.2;0.0;0.2;5;10;5;0.00;0.00;0.00;0.00;0.00;0.11;0.03;0.14;0.11;0.14;Matches
284;Jake O'Brien;ie IRL;Everton;24-138;2001;6;6;540;6.0;0;0;0;0;0;0;0;0;0.4;0.4;0.0;0.4;7;15;18;0.00;0.00;0.00;0.00;0.00;0.06;0.01;0.07;0.06;0.07;Matches
285;Matt O'Riley;dk DEN;Brighton;24-313;2000;2;2;178;2.0;1;0;1;0;1;1;0;0;01.feb;0.4;0.2;0.6;0;5;11;0.51;0.00;0.51;0.00;0.00;0.61;0.10;0.72;0.21;0.32;Matches
286;Wilson Odobert;fr FRA;Tottenham;20-306;2004;6;1;153;01.jul;0;0;0;0;0;0;0;0;0.4;0.4;0.1;0.5;6;12;15;0.00;0.00;0.00;0.00;0.00;0.21;0.07;0.28;0.21;0.28;Matches
287;Noah Okafor;ch SUI;Leeds United;25-129;2000;4;3;230;02.jun;1;0;1;1;0;0;1;0;0.4;0.4;0.3;0.7;5;9;15;0.39;0.00;0.39;0.39;0.39;0.15;0.11;0.26;0.15;0.26;Matches
288;Amadou Onana;be BEL;Aston Villa;24-045;2001;2;2;154;01.jul;0;0;0;0;0;0;1;0;0.2;0.2;0.0;0.2;2;8;1;0.00;0.00;0.00;0.00;0.00;0.13;0.00;0.13;0.13;0.13;Matches
289;Frank Onyeka;ng NGA;Brentford;27-272;1998;4;0;70;0.8;0;1;1;0;0;0;0;0;0.0;0.0;0.1;0.1;2;2;1;0.00;jan.29;jan.29;0.00;jan.29;0.00;0.15;0.15;0.00;0.15;Matches
290;William Osula;dk DEN;Newcastle Utd;22-057;2003;5;1;158;01.aug;1;0;1;1;0;0;0;0;0.4;0.4;0.1;0.5;1;1;10;0.57;0.00;0.57;0.57;0.57;0.22;0.04;0.27;0.22;0.27;Matches
291;Dango Ouattara;bf BFA;Brentford;23-231;2002;5;3;291;03.feb;1;0;1;1;0;0;0;0;01.apr;01.apr;0.2;01.jun;9;1;20;0.31;0.00;0.31;0.31;0.31;0.43;0.07;0.50;0.43;0.50;Matches
292;Nico O’Reilly;eng ENG;Manchester City;20-193;2005;5;3;302;03.apr;0;0;0;0;0;0;1;0;0.1;0.1;0.1;0.2;7;9;12;0.00;0.00;0.00;0.00;0.00;0.03;0.03;0.06;0.03;0.06;Matches
293;João Palhinha;pt POR;Tottenham;30-083;1995;6;5;424;04.jul;2;0;2;2;0;0;1;0;0.4;0.4;0.0;0.5;1;14;6;0.42;0.00;0.42;0.42;0.42;0.09;0.01;0.10;0.09;0.10;Matches
294;Cole Palmer;eng ENG;Chelsea;23-147;2002;3;2;145;01.jun;1;0;1;1;0;0;0;0;0.8;0.8;0.0;0.8;9;11;14;0.62;0.00;0.62;0.62;0.62;0.50;0.01;0.51;0.50;0.51;Matches
295;Lucas Paquetá;br BRA;West Ham;28-034;1997;6;6;518;05.aug;2;0;2;1;1;1;1;0;01.mai;0.8;0.4;01.feb;3;40;24;0.35;0.00;0.35;0.17;0.17;0.27;0.07;0.34;0.13;0.20;Matches
296;Bradley Paul Burrowes;eng ENG;Aston Villa;17-210;2008;1;0;16;0.2;0;0;0;0;0;0;0;0;0.0;0.0;0.0;0.0;1;0;4;0.00;0.00;0.00;0.00;0.00;0.00;0.00;0.00;0.00;0.00;Matches
297;Lucas Perri;br BRA;Leeds United;27-294;1997;3;3;270;3.0;0;0;0;0;0;0;0;0;0.0;0.0;0.0;0.0;0;0;0;0.00;0.00;0.00;0.00;0.00;0.00;0.00;0.00;0.00;0.00;Matches
298;Đorđe Petrović;rs SRB;Bournemouth;25-357;1999;6;6;540;6.0;0;0;0;0;0;0;1;0;0.0;0.0;0.0;0.0;0;0;0;0.00;0.00;0.00;0.00;0.00;0.00;0.00;0.00;0.00;0.00;Matches
299;Jordan Pickford;eng ENG;Everton;31-207;1994;6;6;540;6.0;0;0;0;0;0;0;0;0;0.0;0.0;0.0;0.0;0;0;0;0.00;0.00;0.00;0.00;0.00;0.00;0.00;0.00;0.00;0.00;Matches
300;Ethan Pinnock;jm JAM;Brentford;32-124;1993;2;2;157;01.jul;0;0;0;0;0;0;1;0;0.0;0.0;0.0;0.0;0;2;2;0.00;0.00;0.00;0.00;0.00;0.00;0.00;0.00;0.00;0.00;Matches
Rk;Player;Nation;Squad;Age;Born;MP;Starts;Min;90s;Gls;Ast;G+A;G-PK;PK;PKatt;CrdY;CrdR;xG;npxG;xAG;npxG+xAG;PrgC;PrgP;PrgR;Gls;Ast;G+A;G-PK;G+A-PK;xG;xAG;xG+xAG;npxG;npxG+xAG;Matches
301;Yeremi Pino;es ESP;Crystal Palace;22-345;2002;4;3;222;02.mai;0;0;0;0;0;0;0;0;01.jan;01.jan;0.7;01.aug;5;15;18;0.00;0.00;0.00;0.00;0.00;0.44;0.30;0.75;0.44;0.75;Matches
302;Joël Piroe;nl NED;Leeds United;26-059;1999;2;2;136;01.mai;0;0;0;0;0;0;0;0;0.3;0.3;0.0;0.3;0;1;3;0.00;0.00;0.00;0.00;0.00;0.22;0.00;0.22;0.22;0.22;Matches
303;Nick Pope;eng ENG;Newcastle Utd;33-164;1992;6;6;540;6.0;0;0;0;0;0;0;1;0;0.0;0.0;0.0;0.0;0;0;0;0.00;0.00;0.00;0.00;0.00;0.00;0.00;0.00;0.00;0.00;Matches
304;Pedro Porro;es ESP;Tottenham;26-017;1999;6;5;458;05.jan;0;0;0;0;0;0;1;0;0.1;0.1;0.7;0.8;13;24;10;0.00;0.00;0.00;0.00;0.00;0.02;0.14;0.16;0.02;0.16;Matches
305;Freddie Potts;eng ENG;West Ham;22-018;2003;2;0;76;0.8;0;0;0;0;0;0;0;0;0.0;0.0;0.0;0.0;0;1;1;0.00;0.00;0.00;0.00;0.00;0.00;0.00;0.00;0.00;0.00;Matches
306;Jacob Ramsey;eng ENG;Newcastle Utd;24-125;2001;2;1;59;0.7;0;0;0;0;0;0;0;0;0.0;0.0;0.3;0.3;3;5;4;0.00;0.00;0.00;0.00;0.00;0.04;0.42;0.46;0.04;0.46;Matches
307;David Raya;es ESP;Arsenal;30-015;1995;6;6;540;6.0;0;0;0;0;0;0;1;0;0.0;0.0;0.1;0.1;0;3;0;0.00;0.00;0.00;0.00;0.00;0.00;0.01;0.01;0.00;0.01;Matches
308;Tijjani Reijnders;nl NED;Manchester City;27-063;1998;6;6;533;05.sep;1;2;3;1;0;0;1;0;0.9;0.9;1.0;01.aug;16;24;23;0.17;0.34;0.51;0.17;0.51;0.15;0.16;0.31;0.15;0.31;Matches
309;Declan Rice;eng ENG;Arsenal;26-259;1999;6;5;465;05.feb;0;2;2;0;0;0;0;0;0.1;0.1;01.jan;01.feb;12;31;8;0.00;0.39;0.39;0.00;0.39;0.03;0.21;0.24;0.03;0.24;Matches
310;Chris Richards;us USA;Crystal Palace;25-186;2000;6;6;540;6.0;0;0;0;0;0;0;0;0;0.3;0.3;0.0;0.3;2;10;1;0.00;0.00;0.00;0.00;0.00;0.04;0.00;0.05;0.04;0.05;Matches
311;Richarlison;br BRA;Tottenham;28-143;1997;6;5;438;04.sep;3;1;4;3;0;0;1;0;01.jun;01.jun;0.8;02.apr;7;9;17;0.62;0.21;0.82;0.62;0.82;0.33;0.16;0.49;0.33;0.49;Matches
312;Chris Rigg;eng ENG;Sunderland;18-104;2007;2;2;96;01.jan;0;0;0;0;0;0;0;0;0.1;0.1;0.0;0.1;0;1;3;0.00;0.00;0.00;0.00;0.00;0.10;0.03;0.14;0.10;0.14;Matches
313;Patrick Roberts;eng ENG;Sunderland;28-237;1997;1;0;27;0.3;0;0;0;0;0;0;0;0;0.0;0.0;0.0;0.0;1;1;4;0.00;0.00;0.00;0.00;0.00;0.11;0.00;0.11;0.11;0.11;Matches
314;Andrew Robertson;sct SCO;Liverpool;31-203;1994;2;0;82;0.9;0;0;0;0;0;0;0;0;0.1;0.1;0.3;0.4;3;9;9;0.00;0.00;0.00;0.00;0.00;0.11;0.35;0.46;0.11;0.46;Matches
315;Antonee Robinson;us USA;Fulham;28-053;1997;3;0;61;0.7;0;0;0;0;0;0;0;0;0.0;0.0;0.0;0.0;4;5;10;0.00;0.00;0.00;0.00;0.00;0.00;0.04;0.04;0.00;0.04;Matches
316;Joe Rodon;wls WAL;Leeds United;27-343;1997;6;6;540;6.0;1;0;1;1;0;0;0;0;0.3;0.3;0.0;0.3;2;19;0;0.17;0.00;0.17;0.17;0.17;0.05;0.00;0.05;0.05;0.05;Matches
317;Rodri;es ESP;Manchester City;29-100;1996;4;3;271;3.0;0;0;0;0;0;0;0;0;0.1;0.1;0.1;0.2;4;19;5;0.00;0.00;0.00;0.00;0.00;0.05;0.03;0.07;0.05;0.07;Matches
318;Guido Rodríguez;ar ARG;West Ham;31-171;1994;1;1;71;0.8;0;0;0;0;0;0;0;0;0.0;0.0;0.0;0.0;0;4;3;0.00;0.00;0.00;0.00;0.00;0.03;0.00;0.03;0.03;0.03;Matches
319;Robin Roefs;nl NED;Sunderland;22-256;2003;6;6;540;6.0;0;0;0;0;0;0;1;0;0.0;0.0;0.2;0.2;0;0;0;0.00;0.00;0.00;0.00;0.00;0.00;0.03;0.03;0.00;0.03;Matches
320;Morgan Rogers;eng ENG;Aston Villa;23-066;2002;6;6;532;05.sep;0;1;1;0;0;0;0;0;0.2;0.2;0.9;01.jan;10;18;36;0.00;0.17;0.17;0.00;0.17;0.04;0.15;0.19;0.04;0.19;Matches
321;Merlin Röhl;de GER;Everton;23-087;2002;1;0;24;0.3;0;0;0;0;0;0;0;0;0.0;0.0;0.1;0.1;0;1;5;0.00;0.00;0.00;0.00;0.00;0.10;0.26;0.36;0.10;0.36;Matches
322;Cristian Romero;ar ARG;Tottenham;27-156;1998;6;6;540;6.0;0;1;1;0;0;0;2;0;0.1;0.1;0.2;0.2;2;28;0;0.00;0.17;0.17;0.00;0.17;0.02;0.03;0.04;0.02;0.04;Matches
323;Georginio Rutter;fr FRA;Brighton;23-163;2002;5;4;325;03.jun;0;1;1;0;0;0;1;0;0.1;0.1;01.feb;01.apr;7;11;14;0.00;0.28;0.28;0.00;0.28;0.04;0.34;0.38;0.04;0.38;Matches
324;José Sá;pt POR;Wolves;32-256;1993;4;4;360;4.0;0;0;0;0;0;0;0;0;0.0;0.0;0.1;0.1;0;0;0;0.00;0.00;0.00;0.00;0.00;0.00;0.02;0.02;0.00;0.02;Matches
325;Noah Sadiki;cd COD;Sunderland;20-287;2004;6;6;534;05.sep;0;0;0;0;0;0;2;0;0.1;0.1;0.1;0.2;11;15;21;0.00;0.00;0.00;0.00;0.00;0.02;0.02;0.04;0.02;0.04;Matches
Rk;Player;Nation;Squad;Age;Born;MP;Starts;Min;90s;Gls;Ast;G+A;G-PK;PK;PKatt;CrdY;CrdR;xG;npxG;xAG;npxG+xAG;PrgC;PrgP;PrgR;Gls;Ast;G+A;G-PK;G+A-PK;xG;xAG;xG+xAG;npxG;npxG+xAG;Matches
326;Bukayo Saka;eng ENG;Arsenal;24-025;2001;4;3;258;02.sep;1;0;1;1;0;0;0;0;0.4;0.4;0.2;0.6;17;4;36;0.35;0.00;0.35;0.35;0.35;0.13;0.08;0.21;0.13;0.21;Matches
327;Mohamed Salah;eg EGY;Liverpool;33-107;1992;6;6;540;6.0;2;2;4;1;1;1;0;0;01.jul;0.9;0.7;01.jul;19;20;67;0.33;0.33;0.67;0.17;0.50;0.28;0.12;0.41;0.15;0.28;Matches
328;William Saliba;fr FRA;Arsenal;24-190;2001;5;4;320;03.jun;0;0;0;0;0;0;0;0;0.1;0.1;0.1;0.2;1;11;1;0.00;0.00;0.00;0.00;0.00;0.03;0.02;0.05;0.03;0.05;Matches
329;Robert Sánchez;es ESP;Chelsea;27-316;1997;6;6;454;5.0;0;0;0;0;0;0;0;1;0.0;0.0;0.1;0.1;0;0;0;0.00;0.00;0.00;0.00;0.00;0.00;0.01;0.01;0.00;0.01;Matches
330;Jadon Sancho;eng ENG;Aston Villa;25-189;2000;1;0;8;0.1;0;0;0;0;0;0;0;0;0.0;0.0;0.0;0.0;1;3;6;0.00;0.00;0.00;0.00;0.00;0.21;0.00;0.21;0.21;0.21;Matches
331;Ibrahim Sangaré;ci CIV;Nott'ham Forest;27-302;1997;5;4;354;03.sep;0;0;0;0;0;0;0;0;0.0;0.0;0.0;0.0;3;22;1;0.00;0.00;0.00;0.00;0.00;0.01;0.00;0.01;0.01;0.01;Matches
332;Andrey Santos;br BRA;Chelsea;21-150;2004;5;1;171;01.sep;0;0;0;0;0;0;1;0;0.4;0.4;0.1;0.5;4;12;7;0.00;0.00;0.00;0.00;0.00;0.21;0.04;0.25;0.21;0.25;Matches
333;Ismaila Sarr;sn SEN;Crystal Palace;27-217;1998;4;4;345;03.aug;3;0;3;3;0;0;1;0;02.jul;02.jul;0.3;3.0;8;12;17;0.78;0.00;0.78;0.78;0.78;0.72;0.07;0.79;0.72;0.79;Matches
334;Sávio;br BRA;Manchester City;21-173;2004;3;1;78;0.9;0;0;0;0;0;0;0;0;0.0;0.0;0.0;0.0;6;1;9;0.00;0.00;0.00;0.00;0.00;0.06;0.00;0.06;0.06;0.06;Matches
335;Nicolò Savona;it ITA;Nott'ham Forest;22-195;2003;1;0;53;0.6;0;0;0;0;0;0;0;0;0.0;0.0;0.0;0.0;0;0;2;0.00;0.00;0.00;0.00;0.00;0.00;0.03;0.03;0.00;0.03;Matches
336;Kevin Schade;de GER;Brentford;23-307;2001;6;5;484;05.apr;1;0;1;1;0;1;1;0;01.jul;0.9;0.6;01.mai;10;2;17;0.19;0.00;0.19;0.19;0.19;0.32;0.11;0.43;0.17;0.28;Matches
337;Fabian Schär;ch SUI;Newcastle Utd;33-284;1991;4;4;351;03.sep;0;0;0;0;0;0;0;0;0.1;0.1;0.1;0.2;3;13;1;0.00;0.00;0.00;0.00;0.00;0.02;0.03;0.05;0.02;0.05;Matches
338;Alex Scott;eng ENG;Bournemouth;22-040;2003;6;5;363;4.0;1;0;1;1;0;0;1;0;0.2;0.2;0.3;0.5;7;9;12;0.25;0.00;0.25;0.25;0.25;0.05;0.07;0.12;0.05;0.12;Matches
339;Jenson Seelt;nl NED;Sunderland;22-130;2003;2;1;134;01.mai;0;0;0;0;0;0;0;0;0.0;0.0;0.0;0.0;2;14;0;0.00;0.00;0.00;0.00;0.00;0.00;0.00;0.00;0.00;0.00;Matches
340;Matz Sels;be BEL;Nott'ham Forest;33-216;1992;6;6;540;6.0;0;0;0;0;0;0;1;0;0.0;0.0;0.0;0.0;0;0;0;0.00;0.00;0.00;0.00;0.00;0.00;0.00;0.00;0.00;0.00;Matches
341;Antoine Semenyo;gh GHA;Bournemouth;25-266;2000;6;6;540;6.0;4;2;6;3;1;1;1;0;02.sep;02.jan;0.5;02.jun;17;17;34;0.67;0.33;1.00;0.50;0.83;0.48;0.08;0.56;0.35;0.43;Matches
342;Marcos Senesi;ar ARG;Bournemouth;28-143;1997;6;6;540;6.0;0;2;2;0;0;0;1;0;0.1;0.1;0.3;0.4;4;33;0;0.00;0.33;0.33;0.00;0.33;0.02;0.05;0.07;0.02;0.07;Matches
343;Benjamin Šeško;si SVN;Manchester Utd;22-122;2003;6;3;295;03.mar;1;0;1;1;0;0;0;0;01.mar;01.mar;0.1;01.apr;2;3;16;0.31;0.00;0.31;0.31;0.31;0.39;0.03;0.43;0.39;0.43;Matches
344;Ryan Sessegnon;eng ENG;Fulham;25-135;2000;5;5;389;04.mar;0;0;0;0;0;0;0;0;0.1;0.1;0.7;0.7;9;13;23;0.00;0.00;0.00;0.00;0.00;0.01;0.16;0.17;0.01;0.17;Matches
345;Luke Shaw;eng ENG;Manchester Utd;30-080;1995;6;6;518;05.aug;0;0;0;0;0;0;0;0;0.1;0.1;0.1;0.2;8;29;7;0.00;0.00;0.00;0.00;0.00;0.01;0.01;0.03;0.01;0.03;Matches
346;Bernardo Silva;pt POR;Manchester City;31-051;1994;6;4;359;4.0;0;1;1;0;0;0;1;0;0.1;0.1;01.jul;01.jul;7;15;20;0.00;0.25;0.25;0.00;0.25;0.01;0.42;0.44;0.01;0.44;Matches
347;Jota Silva;pt POR;Nott'ham Forest;26-060;1999;1;0;11;0.1;0;0;0;0;0;0;0;0;0.0;0.0;0.0;0.0;0;0;1;0.00;0.00;0.00;0.00;0.00;0.00;0.00;0.00;0.00;0.00;Matches
348;Xavi Simons;nl NED;Tottenham;22-162;2003;3;2;178;2.0;0;1;1;0;0;0;1;0;0.3;0.3;0.5;0.8;12;13;14;0.00;0.51;0.51;0.00;0.51;0.15;0.26;0.41;0.15;0.41;Matches
349;Adam Smith;eng ENG;Bournemouth;34-154;1991;3;3;206;02.mar;0;0;0;0;0;0;0;0;0.0;0.0;0.3;0.3;1;6;2;0.00;0.00;0.00;0.00;0.00;0.00;0.12;0.12;0.00;0.12;Matches
350;Emile Smith Rowe;eng ENG;Fulham;25-064;2000;6;0;120;01.mar;1;0;1;1;0;0;0;0;0.8;0.8;0.0;0.8;2;7;9;0.75;0.00;0.75;0.75;0.75;0.56;0.02;0.58;0.56;0.58;Matches
Rk;Player;Nation;Squad;Age;Born;MP;Starts;Min;90s;Gls;Ast;G+A;G-PK;PK;PKatt;CrdY;CrdR;xG;npxG;xAG;npxG+xAG;PrgC;PrgP;PrgR;Gls;Ast;G+A;G-PK;G+A-PK;xG;xAG;xG+xAG;npxG;npxG+xAG;Matches
351;Dominic Solanke;eng ENG;Tottenham;28-016;1997;2;0;31;0.3;0;0;0;0;0;0;0;0;0.2;0.2;0.0;0.2;0;0;2;0.00;0.00;0.00;0.00;0.00;0.57;0.00;0.57;0.57;0.57;Matches
352;Oliver Sonne;pe PER;Burnley;24-324;2000;3;1;103;01.jan;0;0;0;0;0;0;0;0;0.0;0.0;0.0;0.1;0;4;3;0.00;0.00;0.00;0.00;0.00;0.03;0.03;0.06;0.03;0.06;Matches
353;Tomáš Souček;cz CZE;West Ham;30-215;1995;4;3;232;02.jun;0;0;0;0;0;0;0;1;0.2;0.2;0.0;0.2;1;4;2;0.00;0.00;0.00;0.00;0.00;0.07;0.00;0.07;0.07;0.07;Matches
354;Djed Spence;eng ENG;Tottenham;25-052;2000;6;5;404;04.mai;0;0;0;0;0;0;2;0;0.2;0.2;0.1;0.2;18;24;25;0.00;0.00;0.00;0.00;0.00;0.04;0.01;0.05;0.04;0.05;Matches
355;Anton Stach;de GER;Leeds United;26-319;1998;6;6;540;6.0;1;1;2;1;0;0;1;0;0.6;0.6;1.0;01.jun;11;31;16;0.17;0.17;0.33;0.17;0.33;0.10;0.16;0.26;0.10;0.26;Matches
356;John Stones;eng ENG;Manchester City;31-125;1994;4;3;265;02.sep;0;0;0;0;0;0;0;0;0.0;0.0;0.0;0.0;2;14;2;0.00;0.00;0.00;0.00;0.00;0.00;0.00;0.00;0.00;0.00;Matches
357;Jørgen Strand Larsen;no NOR;Wolves;25-236;2000;4;3;289;03.feb;0;0;0;0;0;0;0;0;0.6;0.6;0.0;0.6;0;2;12;0.00;0.00;0.00;0.00;0.00;0.19;0.00;0.19;0.19;0.19;Matches
358;Pascal Struijk;nl NED;Leeds United;26-050;1999;6;6;540;6.0;0;0;0;0;0;0;0;0;0.3;0.3;0.1;0.4;0;12;1;0.00;0.00;0.00;0.00;0.00;0.05;0.01;0.06;0.05;0.06;Matches
359;Crysencio Summerville;nl NED;West Ham;23-335;2001;4;3;224;02.mai;0;1;1;0;0;0;0;0;0.4;0.4;0.2;0.6;6;7;18;0.00;0.40;0.40;0.00;0.40;0.17;0.07;0.24;0.17;0.24;Matches
360;Dominik Szoboszlai;hu HUN;Liverpool;24-340;2000;6;6;540;6.0;1;0;1;1;0;0;1;0;0.5;0.5;1.0;01.mai;14;39;26;0.17;0.00;0.17;0.17;0.17;0.08;0.17;0.25;0.08;0.25;Matches
361;Chemsdine Talbi;ma MAR;Sunderland;20-144;2005;6;6;473;05.mar;0;1;1;0;0;0;0;0;0.6;0.6;0.2;0.8;10;4;26;0.00;0.19;0.19;0.00;0.19;0.12;0.03;0.16;0.12;0.16;Matches
362;Ao Tanaka;jp JPN;Leeds United;27-020;1998;4;2;158;01.aug;0;0;0;0;0;0;0;0;0.1;0.1;0.1;0.2;1;6;2;0.00;0.00;0.00;0.00;0.00;0.05;0.06;0.12;0.05;0.12;Matches
363;James Tarkowski;eng ENG;Everton;32-315;1992;6;6;540;6.0;0;0;0;0;0;0;1;0;0.4;0.4;0.3;0.7;5;21;0;0.00;0.00;0.00;0.00;0.00;0.07;0.04;0.11;0.07;0.11;Matches
364;Marcus Tavernier;eng ENG;Bournemouth;26-192;1999;6;5;441;04.sep;1;0;1;1;0;0;0;0;0.9;0.9;0.4;01.mar;15;19;31;0.20;0.00;0.20;0.20;0.20;0.19;0.07;0.26;0.19;0.26;Matches
365;Loum Tchaouna;fr FRA;Burnley;22-022;2003;6;3;254;02.aug;0;0;0;0;0;0;1;0;0.3;0.3;0.1;0.4;4;7;10;0.00;0.00;0.00;0.00;0.00;0.11;0.04;0.15;0.11;0.15;Matches
366;Jackson Tchatchoua;cm CMR;Wolves;24-016;2001;5;2;267;3.0;0;0;0;0;0;0;0;0;0.0;0.0;0.1;0.1;5;2;27;0.00;0.00;0.00;0.00;0.00;0.00;0.04;0.04;0.00;0.04;Matches
367;Mathys Tel;fr FRA;Tottenham;20-156;2005;4;1;104;01.feb;0;0;0;0;0;0;0;0;0.1;0.1;0.0;0.1;2;3;8;0.00;0.00;0.00;0.00;0.00;0.06;0.00;0.06;0.06;0.06;Matches
368;Kenny Tete;nl NED;Fulham;29-356;1995;5;5;450;5.0;0;0;0;0;0;0;0;0;0.1;0.1;0.1;0.2;7;24;6;0.00;0.00;0.00;0.00;0.00;0.01;0.03;0.04;0.01;0.04;Matches
369;Thiago;br BRA;Brentford;24-096;2001;6;6;498;05.mai;4;0;4;3;1;1;2;0;2.0;01.mar;01.jan;02.mar;4;6;13;0.72;0.00;0.72;0.54;0.54;0.37;0.20;0.57;0.23;0.42;Matches
370;Malick Thiaw;de GER;Newcastle Utd;24-053;2001;3;2;183;2.0;0;0;0;0;0;0;1;0;0.1;0.1;0.0;0.1;3;6;0;0.00;0.00;0.00;0.00;0.00;0.03;0.00;0.03;0.03;0.03;Matches
371;Youri Tielemans;be BEL;Aston Villa;28-146;1997;4;4;315;03.mai;0;0;0;0;0;0;0;0;0.1;0.1;0.2;0.3;8;21;10;0.00;0.00;0.00;0.00;0.00;0.04;0.05;0.09;0.04;0.09;Matches
372;Jurriën Timber;nl NED;Arsenal;24-105;2001;6;5;433;04.aug;2;1;3;2;0;0;2;0;01.jun;01.jun;0.4;2.0;11;35;24;0.42;0.21;0.62;0.42;0.62;0.34;0.09;0.43;0.34;0.43;Matches
373;Jean-Clair Todibo;fr FRA;West Ham;25-274;1999;2;2;127;01.apr;0;0;0;0;0;0;0;0;0.0;0.0;0.0;0.0;2;7;1;0.00;0.00;0.00;0.00;0.00;0.00;0.00;0.00;0.00;0.00;Matches
374;Sandro Tonali;it ITA;Newcastle Utd;25-145;2000;6;6;516;05.jul;0;1;1;0;0;0;0;0;0.3;0.3;01.jan;01.apr;14;42;11;0.00;0.17;0.17;0.00;0.17;0.05;0.20;0.25;0.05;0.25;Matches
375;Pau Torres;es ESP;Aston Villa;28-257;1997;3;1;164;01.aug;0;0;0;0;0;0;0;0;0.1;0.1;0.0;0.1;5;13;1;0.00;0.00;0.00;0.00;0.00;0.04;0.00;0.04;0.04;0.04;Matches
Rk;Player;Nation;Squad;Age;Born;MP;Starts;Min;90s;Gls;Ast;G+A;G-PK;PK;PKatt;CrdY;CrdR;xG;npxG;xAG;npxG+xAG;PrgC;PrgP;PrgR;Gls;Ast;G+A;G-PK;G+A-PK;xG;xAG;xG+xAG;npxG;npxG+xAG;Matches
376;James Trafford;eng ENG;Manchester City;22-355;2002;3;3;270;3.0;0;0;0;0;0;0;0;0;0.0;0.0;0.0;0.0;0;0;0;0.00;0.00;0.00;0.00;0.00;0.00;0.00;0.00;0.00;0.00;Matches
377;Adama Traoré;es ESP;Fulham;29-248;1996;4;0;139;01.mai;0;0;0;0;0;0;0;0;0.0;0.0;0.5;0.5;6;2;10;0.00;0.00;0.00;0.00;0.00;0.03;0.29;0.32;0.03;0.32;Matches
378;Bertrand Traoré;bf BFA;Sunderland;30-024;1995;1;0;31;0.3;0;0;0;0;0;0;0;0;0.1;0.1;0.6;0.7;0;0;1;0.00;0.00;0.00;0.00;0.00;0.14;jan.79;jan.93;0.14;jan.93;Matches
379;Kieran Trippier;eng ENG;Newcastle Utd;35-011;1990;5;4;340;03.aug;0;0;0;0;0;0;0;0;0.0;0.0;0.3;0.3;4;32;16;0.00;0.00;0.00;0.00;0.00;0.00;0.08;0.08;0.00;0.08;Matches
380;Leandro Trossard;be BEL;Arsenal;30-300;1994;4;2;220;02.apr;0;1;1;0;0;0;0;0;0.5;0.5;0.2;0.7;4;6;19;0.00;0.41;0.41;0.00;0.41;0.21;0.09;0.30;0.21;0.30;Matches
381;Adrien Truffert;fr FRA;Bournemouth;23-314;2001;6;6;540;6.0;0;0;0;0;0;0;0;0;0.0;0.0;0.5;0.6;14;31;26;0.00;0.00;0.00;0.00;0.00;0.00;0.09;0.09;0.00;0.09;Matches
382;Stefanos Tzimas;gr GRE;Brighton;19-267;2006;2;0;28;0.3;0;0;0;0;0;0;0;0;0.3;0.3;0.0;0.3;0;0;1;0.00;0.00;0.00;0.00;0.00;0.84;0.09;0.94;0.84;0.94;Matches
383;Christantus Uche;ng NGA;Crystal Palace;22-134;2003;1;0;6;0.1;0;0;0;0;0;0;0;0;0.0;0.0;0.0;0.0;1;0;2;0.00;0.00;0.00;0.00;0.00;0.12;0.00;0.12;0.12;0.12;Matches
384;Destiny Udogie;it ITA;Tottenham;22-306;2002;4;2;212;02.apr;0;0;0;0;0;0;0;0;0.0;0.0;0.1;0.1;13;16;24;0.00;0.00;0.00;0.00;0.00;0.01;0.03;0.04;0.01;0.04;Matches
385;Manuel Ugarte;uy URU;Manchester Utd;24-172;2001;5;2;237;02.jun;0;0;0;0;0;0;0;0;0.0;0.0;0.0;0.1;4;18;3;0.00;0.00;0.00;0.00;0.00;0.02;0.01;0.03;0.02;0.03;Matches
386;Lesley Ugochukwu;fr FRA;Burnley;21-188;2004;5;3;266;3.0;0;0;0;0;0;0;2;1;0.1;0.1;0.0;0.1;0;6;4;0.00;0.00;0.00;0.00;0.00;0.02;0.01;0.03;0.02;0.03;Matches
387;Virgil van Dijk;nl NED;Liverpool;34-084;1991;6;6;540;6.0;0;0;0;0;0;0;1;0;0.2;0.2;0.0;0.2;8;36;5;0.00;0.00;0.00;0.00;0.00;0.03;0.00;0.03;0.03;0.03;Matches
388;Joël Veltman;nl NED;Brighton;33-258;1992;4;4;325;03.jun;0;0;0;0;0;0;2;0;0.0;0.0;0.0;0.0;5;14;2;0.00;0.00;0.00;0.00;0.00;0.00;0.01;0.01;0.00;0.01;Matches
389;Micky van de Ven;nl NED;Tottenham;24-164;2001;6;6;530;05.sep;1;0;1;1;0;0;1;0;0.7;0.7;0.1;0.8;4;18;2;0.17;0.00;0.17;0.17;0.17;0.12;0.02;0.13;0.12;0.13;Matches
390;Bart Verbruggen;nl NED;Brighton;23-043;2002;6;6;540;6.0;0;0;0;0;0;0;0;0;0.0;0.0;0.1;0.1;0;0;0;0.00;0.00;0.00;0.00;0.00;0.00;0.02;0.02;0.00;0.02;Matches
391;Guglielmo Vicario;it ITA;Tottenham;28-358;1996;6;6;540;6.0;0;0;0;0;0;0;0;0;0.0;0.0;0.0;0.0;0;0;0;0.00;0.00;0.00;0.00;0.00;0.00;0.00;0.00;0.00;0.00;Matches
392;Kyle Walker;eng ENG;Burnley;35-125;1990;6;6;540;6.0;0;0;0;0;0;0;2;0;0.0;0.0;0.0;0.0;6;14;7;0.00;0.00;0.00;0.00;0.00;0.01;0.00;0.01;0.01;0.01;Matches
393;Kyle Walker-Peters;eng ENG;West Ham;28-170;1997;5;4;380;04.feb;0;0;0;0;0;0;1;0;0.1;0.1;0.1;0.2;12;15;17;0.00;0.00;0.00;0.00;0.00;0.03;0.02;0.06;0.03;0.06;Matches
394;Aaron Wan-Bissaka;cd COD;West Ham;27-308;1997;2;2;180;2.0;0;0;0;0;0;0;0;0;0.0;0.0;0.1;0.1;5;6;14;0.00;0.00;0.00;0.00;0.00;0.00;0.06;0.06;0.00;0.06;Matches
395;James Ward-Prowse;eng ENG;West Ham;30-333;1994;5;5;416;04.jun;0;0;0;0;0;0;0;0;0.1;0.1;0.9;1.0;1;20;8;0.00;0.00;0.00;0.00;0.00;0.03;0.20;0.23;0.03;0.23;Matches
396;Ollie Watkins;eng ENG;Aston Villa;29-274;1995;6;6;533;05.sep;1;0;1;1;0;0;0;0;01.apr;01.apr;0.4;01.aug;9;6;34;0.17;0.00;0.17;0.17;0.17;0.23;0.06;0.30;0.23;0.30;Matches
397;Danny Welbeck;eng ENG;Brighton;34-308;1990;6;3;277;03.jan;2;0;2;2;0;1;1;0;02.mai;01.jul;0.1;01.jul;1;1;5;0.65;0.00;0.65;0.65;0.65;0.79;0.02;0.81;0.54;0.56;Matches
398;Adam Wharton;eng ENG;Crystal Palace;21-236;2004;5;5;365;04.jan;0;0;0;0;0;0;0;0;0.1;0.1;01.aug;01.aug;4;19;2;0.00;0.00;0.00;0.00;0.00;0.02;0.44;0.46;0.02;0.46;Matches
399;Ben White;eng ENG;Arsenal;27-357;1997;1;1;71;0.8;0;0;0;0;0;0;0;0;0.0;0.0;0.0;0.1;1;4;0;0.00;0.00;0.00;0.00;0.00;0.02;0.06;0.07;0.02;0.07;Matches
400;Mats Wieffer;nl NED;Brighton;25-318;1999;4;2;215;02.apr;0;1;1;0;0;0;2;0;0.0;0.0;0.6;0.7;2;14;8;0.00;0.42;0.42;0.00;0.42;0.01;0.27;0.27;0.01;0.27;Matches
Rk;Player;Nation;Squad;Age;Born;MP;Starts;Min;90s;Gls;Ast;G+A;G-PK;PK;PKatt;CrdY;CrdR;xG;npxG;xAG;npxG+xAG;PrgC;PrgP;PrgR;Gls;Ast;G+A;G-PK;G+A-PK;xG;xAG;xG+xAG;npxG;npxG+xAG;Matches
401;Neco Williams;wls WAL;Nott'ham Forest;24-170;2001;6;6;540;6.0;1;0;1;1;0;0;3;0;0.2;0.2;0.5;0.6;13;35;38;0.17;0.00;0.17;0.17;0.17;0.03;0.08;0.11;0.03;0.11;Matches
402;Estêvão Willian;br BRA;Chelsea;18-159;2007;5;4;251;02.aug;0;1;1;0;0;0;1;0;01.feb;01.feb;0.9;02.jan;9;3;24;0.00;0.36;0.36;0.00;0.36;0.43;0.32;0.75;0.43;0.75;Matches
403;Joe Willock;eng ENG;Newcastle Utd;26-041;1999;2;1;87;1.0;0;0;0;0;0;0;0;0;0.1;0.1;0.0;0.1;3;1;4;0.00;0.00;0.00;0.00;0.00;0.09;0.00;0.09;0.09;0.09;Matches
404;Callum Wilson;eng ENG;West Ham;33-215;1992;5;1;171;01.sep;1;0;1;1;0;0;0;0;01.jan;01.jan;0.0;01.jan;2;1;9;0.53;0.00;0.53;0.53;0.53;0.57;0.02;0.59;0.57;0.59;Matches
405;Harry Wilson;wls WAL;Fulham;28-192;1997;6;4;374;04.feb;1;0;1;1;0;0;1;0;0.7;0.7;0.1;0.8;5;9;28;0.24;0.00;0.24;0.24;0.24;0.16;0.03;0.19;0.16;0.19;Matches
406;Ben Winterburn;eng ENG;Bournemouth;21-026;2004;1;0;6;0.1;0;0;0;0;0;0;0;0;0.0;0.0;0.0;0.0;0;0;0;0.00;0.00;0.00;0.00;0.00;0.00;0.00;0.00;0.00;0.00;Matches
407;Florian Wirtz;de GER;Liverpool;22-150;2003;6;5;441;04.sep;0;0;0;0;0;0;1;0;1.0;1.0;0.7;01.jul;15;28;33;0.00;0.00;0.00;0.00;0.00;0.21;0.14;0.35;0.21;0.35;Matches
408;Nick Woltemade;de GER;Newcastle Utd;23-228;2002;3;3;216;02.apr;2;0;2;2;0;0;0;0;0.6;0.6;0.0;0.6;2;2;11;0.83;0.00;0.83;0.83;0.83;0.24;0.01;0.25;0.24;0.25;Matches
409;Chris Wood;nz NZL;Nott'ham Forest;33-297;1991;6;6;466;05.feb;2;0;2;2;0;0;0;0;02.jul;02.jul;0.2;02.sep;0;6;15;0.39;0.00;0.39;0.39;0.39;0.53;0.03;0.56;0.53;0.56;Matches
410;Joe Worrall;eng ENG;Burnley;28-263;1997;3;0;18;0.2;0;0;0;0;0;0;0;0;0.0;0.0;0.0;0.0;0;0;0;0.00;0.00;0.00;0.00;0.00;0.00;0.00;0.00;0.00;0.00;Matches
411;Granit Xhaka;ch SUI;Sunderland;33-003;1992;6;6;540;6.0;0;3;3;0;0;0;2;0;0.1;0.1;0.9;1.0;2;32;4;0.00;0.50;0.50;0.00;0.50;0.02;0.14;0.16;0.02;0.16;Matches
412;Yehor Yarmoliuk;ua UKR;Brentford;21-213;2004;6;6;529;05.sep;0;1;1;0;0;0;1;0;0.2;0.2;0.2;0.4;7;17;3;0.00;0.17;0.17;0.00;0.17;0.04;0.03;0.07;0.04;0.07;Matches
413;Ryan Yates;eng ENG;Nott'ham Forest;27-313;1997;3;0;25;0.3;0;0;0;0;0;0;0;0;0.0;0.0;0.0;0.0;0;2;0;0.00;0.00;0.00;0.00;0.00;0.00;0.00;0.00;0.00;0.00;Matches
414;Leny Yoro;fr FRA;Manchester Utd;19-321;2005;6;4;368;04.jan;0;0;0;0;0;0;0;0;0.3;0.3;0.0;0.3;5;16;2;0.00;0.00;0.00;0.00;0.00;0.07;0.00;0.07;0.07;0.07;Matches
415;Oleksandr Zinchenko;ua UKR;Nott'ham Forest;28-289;1996;2;2;180;2.0;0;0;0;0;0;0;0;0;0.0;0.0;0.0;0.1;4;18;6;0.00;0.00;0.00;0.00;0.00;0.02;0.02;0.04;0.02;0.04;Matches
416;Joshua Zirkzee;nl NED;Manchester Utd;24-131;2001;3;0;74;0.8;0;0;0;0;0;0;0;0;0.8;0.8;0.0;0.8;0;3;4;0.00;0.00;0.00;0.00;0.00;0.90;0.05;0.96;0.90;0.96;Matches
417;Martín Zubimendi;es ESP;Arsenal;26-240;1999;6;6;532;05.sep;2;0;2;2;0;0;1;0;0.3;0.3;0.5;0.8;4;27;6;0.34;0.00;0.34;0.34;0.34;0.05;0.09;0.14;0.05;0.14;Matches
418;Martin Ødegaard;no NOR;Arsenal;26-287;1998;5;3;174;01.sep;0;1;1;0;0;0;0;0;0.1;0.1;0.4;0.5;9;21;4;0.00;0.52;0.52;0.00;0.52;0.07;0.19;0.26;0.07;0.26;Matches
