index,Player,#,Nation,Pos,Age,Min,Gls,Ast,PK,PKatt,Sh,SoT,CrdY,CrdR,Touches,Tkl,Int,Blocks,xG,npxG,xAG,SCA,GCA,Cmp_x,Att_x,Cmp%_x,PrgP,Carries,PrgC,Att_x,Succ,SoTA,GA,Saves,Save%,PSxG,Cmp_y,Att_y,Cmp%_y,Att (GK),Thr,Launch%,AvgLen,Att_y,Launch%,AvgLen,Opp,Stp,Stp%,#OPA,AvgDist,Clr,Recov,xA,xGC,home,game_id
0,16 Players,,,,,990,4,3,0,0,19,10,1,0,679,16,4,14,2.2,2.2,2.0,36,7,430,539,79.8,40,370,24,21,8,,,,,,,,,,,,,,,,,,,,,1,0,0.0,3.4000000000000004,1,0
1,Alexis Mac Allister,10.0,ar ARG,DM,26-234,71,0,1,0,0,1,1,0,0,60,3,1,1,0.0,0.0,0.5,3,1,40,47,85.1,4,34,1,1,0,,,,,,,,,,,,,,,,,,,,,1,1,0.0,3.4000000000000004,1,0
2,Alisson,1.0,br BRA,GK,32-317,90,0,0,0,0,0,0,0,0,42,0,0,0,0.0,0.0,0.0,1,1,37,42,88.1,2,29,0,0,0,3.0,2.0,1.0,33.3,0.8,6.0,11.0,54.5,41.0,4.0,26.8,31.7,1.0,0.0,5.0,16.0,1.0,6.3,0.0,7.0,1,6,0.4,3.4000000000000004,1,0
3,Andrew Robertson,26.0,sct SCO,LB,31-157,31,0,0,0,0,0,0,0,0,18,0,0,1,0.0,0.0,0.0,1,0,10,14,71.4,0,5,0,0,0,,,,,,,,,,,,,,,,,,,,,0,9,0.1,3.4000000000000004,1,0
4,Cody Gakpo,18.0,nl NED,"LW,LM",26-100,90,1,0,0,0,3,2,0,0,54,1,0,1,0.2,0.2,0.5,3,0,23,33,69.7,5,32,6,10,2,,,,,,,,,,,,,,,,,,,,,1,6,0.3,3.4000000000000004,1,0
5,Curtis Jones,17.0,eng ENG,CM,24-197,19,0,0,0,0,0,0,0,0,12,0,0,0,0.0,0.0,0.1,1,0,9,12,75.0,3,9,0,0,0,,,,,,,,,,,,,,,,,,,,,0,0,0.0,3.4000000000000004,1,0
6,Dominik Szoboszlai,8.0,hu HUN,"DM,FW",24-294,90,0,0,0,0,3,1,0,0,92,4,0,2,0.1,0.1,0.2,5,1,67,78,85.9,3,60,3,3,1,,,,,,,,,,,,,,,,,,,,,0,2,0.0,3.4000000000000004,1,0
7,Federico Chiesa,14.0,it ITA,FW,27-294,9,1,0,0,0,1,1,0,0,6,1,0,0,0.2,0.2,0.0,0,0,3,3,100.0,0,1,0,0,0,,,,,,,,,,,,,,,,,,,,,0,1,0.0,3.4000000000000004,1,0
8,Florian Wirtz,7.0,de GER,"AM,FW",22-104,81,0,0,0,0,1,0,0,0,68,2,0,2,0.1,0.1,0.3,8,0,42,58,72.4,7,37,2,0,0,,,,,,,,,,,,,,,,,,,,,2,5,0.1,3.4000000000000004,1,0
9,Hugo Ekitike,22.0,fr FRA,FW,23-056,71,1,1,0,0,4,2,0,0,30,0,0,0,1.1,1.1,0.1,4,2,14,21,66.7,3,16,2,2,1,,,,,,,,,,,,,,,,,,,,,5,5,0.0,3.4000000000000004,1,0
10,Ibrahima Konaté,5.0,fr FRA,CB,26-082,90,0,0,0,0,0,0,0,0,42,0,0,1,0.0,0.0,0.0,0,0,29,33,87.9,2,22,2,2,2,,,,,,,,,,,,,,,,,,,,,2,0,0.0,3.4000000000000004,1,0
11,Jeremie Frimpong,30.0,nl NED,RB,24-248,59,0,0,0,0,1,0,0,0,25,1,1,2,0.0,0.0,0.0,1,0,14,19,73.7,0,13,0,1,1,,,,,,,,,,,,,,,,,,,,,17,4,0.0,3.4000000000000004,1,0
12,Joe Gomez,2.0,eng ENG,RB,28-084,19,0,0,0,0,0,0,0,0,15,0,0,0,0.0,0.0,0.0,0,0,10,14,71.4,1,4,0,0,0,,,,,,,,,,,,,,,,,,,,,7,5,0.0,3.4000000000000004,1,0
13,Milos Kerkez,6.0,hu HUN,LB,21-281,59,0,0,0,0,0,0,1,0,47,1,0,0,0.0,0.0,0.0,2,1,33,38,86.8,2,21,0,0,0,,,,,,,,,,,,,,,,,,,,,2,1,0.0,3.4000000000000004,1,0
14,Mohamed Salah,11.0,eg EGY,"RW,RM",33-061,90,1,0,0,0,3,2,0,0,47,0,0,1,0.3,0.3,0.1,3,0,20,36,55.6,3,31,6,2,1,,,,,,,,,,,,,,,,,,,,,1,0,0.0,3.4000000000000004,1,0
15,Virgil van Dijk,4.0,nl NED,CB,34-038,90,0,0,0,0,2,1,0,0,99,1,2,3,0.2,0.2,0.0,2,0,63,74,85.1,4,49,1,0,0,,,,,,,,,,,,,,,,,,,,,0,1,0.0,3.4000000000000004,1,0
16,Wataru Endo,3.0,jp JPN,"CM,RB",32-187,31,0,1,0,0,0,0,0,0,22,2,0,0,0.0,0.0,0.1,2,1,16,17,94.1,1,7,1,0,0,,,,,,,,,,,,,,,,,,,,,40,46,1.1,3.4000000000000004,1,0
0,15 Players,,,,,990,2,2,0,0,10,3,2,0,491,20,11,11,1.7,1.7,1.6,18,3,229,343,66.8,19,186,12,22,8,,,,,,,,,,,,,,,,,,,,,3,2,0.0,4.4,0,0
1,Adam Smith,15.0,eng ENG,RB,34-108,89,0,0,0,0,0,0,0,0,47,1,1,0,0.0,0.0,0.3,1,0,20,32,62.5,1,11,1,1,0,,,,,,,,,,,,,,,,,,,,,0,5,0.2,4.4,0,0
2,Adrien Truffert,3.0,fr FRA,LB,23-268,90,0,0,0,0,0,0,0,0,41,2,0,1,0.0,0.0,0.2,1,0,21,27,77.8,4,15,2,2,0,,,,,,,,,,,,,,,,,,,,,0,0,0.0,4.4,0,0
3,Alex Scott,8.0,eng ENG,CM,21-359,73,0,0,0,0,0,0,0,0,29,0,1,0,0.0,0.0,0.0,1,0,19,26,73.1,1,13,2,3,2,,,,,,,,,,,,,,,,,,,,,6,10,0.1,4.4,0,0
4,Antoine Semenyo,24.0,gh GHA,RM,25-220,90,2,0,0,0,3,2,0,0,35,1,1,3,0.9,0.9,0.0,2,0,7,19,36.8,2,16,2,5,1,,,,,,,,,,,,,,,,,,,,,0,2,0.0,4.4,0,0
5,Bafodé Diakité,18.0,fr FRA,CB,24-221,90,0,0,0,0,0,0,0,0,56,2,1,1,0.0,0.0,0.0,0,0,30,41,73.2,2,20,0,0,0,,,,,,,,,,,,,,,,,,,,,1,2,0.0,4.4,0,0
6,Ben Winterburn,47.0,eng ENG,CM,20-345,7,0,0,0,0,0,0,0,0,2,0,0,0,0.0,0.0,0.0,0,0,0,1,0.0,0,0,0,0,0,,,,,,,,,,,,,,,,,,,,,0,3,0.0,4.4,0,0
7,David Brooks,7.0,wls WAL,LM,28-038,83,0,1,0,0,2,0,1,0,30,2,0,0,0.2,0.2,0.7,4,1,14,23,60.9,2,15,1,3,2,,,,,,,,,,,,,,,,,,,,,3,6,0.1,4.4,0,0
8,Eli Junior Kroupi,22.0,fr FRA,CM,19-053,1,0,0,0,0,0,0,0,0,2,0,0,0,0.0,0.0,0.0,0,0,1,1,100.0,0,0,0,1,0,,,,,,,,,,,,,,,,,,,,,0,0,0.0,4.4,0,0
9,Evanilson,9.0,br BRA,FW,25-313,90,0,0,0,0,3,0,1,0,22,0,0,1,0.3,0.3,0.0,2,0,9,13,69.2,1,8,1,0,0,,,,,,,,,,,,,,,,,,,,,3,4,0.1,4.4,0,0
10,Hamed Junior Traorè,25.0,ci CIV,"LM,CM",25-180,17,0,1,0,0,0,0,0,0,7,1,0,0,0.0,0.0,0.2,1,1,2,3,66.7,0,1,0,1,0,,,,,,,,,,,,,,,,,,,,,11,2,0.1,4.4,0,0
11,James Hill,23.0,eng ENG,RB,23-217,1,0,0,0,0,0,0,0,0,6,0,1,0,0.0,0.0,0.0,0,0,2,4,50.0,0,1,0,0,0,,,,,,,,,,,,,,,,,,,,,6,8,0.0,4.4,0,0
12,Marcos Senesi,5.0,ar ARG,CB,28-097,90,0,0,0,0,0,0,0,0,52,3,1,2,0.0,0.0,0.1,2,0,22,33,66.7,2,24,0,0,0,,,,,,,,,,,,,,,,,,,,,7,2,0.1,4.4,0,0
13,Marcus Tavernier,16.0,eng ENG,"CM,DM",26-146,90,0,0,0,0,2,1,0,0,58,3,1,0,0.3,0.3,0.2,3,0,27,41,65.9,4,22,3,5,3,,,,,,,,,,,,,,,,,,,,,1,0,0.0,4.4,0,0
14,Tyler Adams,12.0,us USA,DM,26-182,89,0,0,0,0,0,0,0,0,58,5,4,3,0.0,0.0,0.0,1,1,28,39,71.8,0,17,0,1,0,,,,,,,,,,,,,,,,,,,,,3,0,0.0,4.4,0,0
15,Đorđe Petrović,1.0,rs SRB,GK,25-311,90,0,0,0,0,0,0,0,0,46,0,0,0,0.0,0.0,0.0,0,0,27,40,67.5,0,23,0,0,0,10.0,4.0,6.0,60.0,3.0,7.0,20.0,35.0,29.0,5.0,41.4,36.1,11.0,72.7,57.1,15.0,2.0,13.3,4.0,15.3,44,46,0.6,4.4,0,0
0,12 Players,,,,,965,0,0,0,0,3,3,1,1,445,11,10,13,0.2,0.2,0.2,6,0,243,345,70.4,35,249,10,18,9,,,,,,,,,,,,,,,,,,,,,1,3,0.0,2.6999999999999997,1,1
1,Amadou Onana,24.0,be BEL,"DM,CM",24-000,90,0,0,0,0,0,0,0,0,54,2,2,1,0.0,0.0,0.0,0,0,36,43,83.7,5,39,2,2,2,,,,,,,,,,,,,,,,,,,,,0,5,0.1,2.6999999999999997,1,1
2,Boubacar Kamara,44.0,fr FRA,"DM,CB",25-266,90,0,0,0,0,1,1,1,0,51,2,1,1,0.1,0.1,0.0,1,0,32,39,82.1,13,28,1,3,1,,,,,,,,,,,,,,,,,,,,,0,7,0.1,2.6999999999999997,1,1
3,Donyell Malen,17.0,nl NED,RM,26-219,7,0,0,0,0,1,1,0,0,2,0,0,0,0.0,0.0,0.0,0,0,0,0,,0,2,1,1,0,,,,,,,,,,,,,,,,,,,,,0,0,0.0,2.6999999999999997,1,1
4,Ezri Konsa,4.0,eng ENG,CB,27-297,65,0,0,0,0,0,0,0,1,38,0,0,1,0.0,0.0,0.0,0,0,30,33,90.9,4,25,1,1,0,,,,,,,,,,,,,,,,,,,,,2,2,0.0,2.6999999999999997,1,1
5,John McGinn,7.0,sct SCO,"RW,RM",30-302,83,0,0,0,0,0,0,0,0,32,0,0,1,0.0,0.0,0.1,2,0,15,22,68.2,1,19,1,3,1,,,,,,,,,,,,,,,,,,,,,2,7,0.0,2.6999999999999997,1,1
6,Lucas Digne,12.0,fr FRA,LB,32-027,90,0,0,0,0,0,0,0,0,47,2,2,1,0.0,0.0,0.0,0,0,23,39,59.0,2,25,0,0,0,,,,,,,,,,,,,,,,,,,,,2,6,0.0,2.6999999999999997,1,1
7,Marco Bizot,40.0,nl NED,GK,34-159,90,0,0,0,0,0,0,0,0,47,0,0,0,0.0,0.0,0.0,0,0,24,45,53.3,0,26,0,0,0,3.0,0.0,3.0,100.0,0.6,4.0,24.0,16.7,34.0,4.0,41.2,35.6,11.0,90.9,57.7,22.0,3.0,13.6,3.0,15.1,3,3,0.0,2.6999999999999997,1,1
8,Matty Cash,2.0,pl POL,RB,28-009,90,0,0,0,0,0,0,0,0,41,2,1,5,0.0,0.0,0.0,0,0,15,25,60.0,0,13,0,1,0,,,,,,,,,,,,,,,,,,,,,3,2,0.0,2.6999999999999997,1,1
9,Morgan Rogers,27.0,eng ENG,"LW,LM",23-021,90,0,0,0,0,0,0,0,0,30,1,1,0,0.0,0.0,0.1,1,0,10,20,50.0,4,23,0,3,2,,,,,,,,,,,,,,,,,,,,,3,1,0.0,2.6999999999999997,1,1
10,Ollie Watkins,11.0,eng ENG,FW,29-229,90,0,0,0,0,1,1,0,0,25,0,1,1,0.1,0.1,0.0,1,0,9,16,56.3,1,14,4,4,3,,,,,,,,,,,,,,,,,,,,,5,2,0.0,2.6999999999999997,1,1
11,Tyrone Mings,5.0,eng ENG,CB,32-156,90,0,0,0,0,0,0,0,0,47,0,1,1,0.0,0.0,0.0,0,0,35,42,83.3,4,21,0,0,0,,,,,,,,,,,,,,,,,,,,,0,2,0.0,2.6999999999999997,1,1
12,Youri Tielemans,8.0,be BEL,"AM,CM",28-101,90,0,0,0,0,0,0,0,0,31,2,1,1,0.0,0.0,0.0,1,0,14,21,66.7,1,14,0,0,0,,,,,,,,,,,,,,,,,,,,,21,40,0.2,2.6999999999999997,1,1
0,14 Players,,,,,990,0,0,0,0,16,3,1,0,610,10,12,4,1.4,1.4,1.4,29,0,403,499,80.8,51,406,30,14,2,,,,,,,,,,,,,,,,,,,,,0,4,0.0,0.4,0,1
1,Anthony Elanga,20.0,se SWE,RW,23-111,77,0,0,0,0,2,1,0,0,36,0,0,0,0.6,0.6,0.2,2,0,20,27,74.1,1,27,6,4,1,,,,,,,,,,,,,,,,,,,,,1,3,0.3,0.4,0,1
2,Anthony Gordon,10.0,eng ENG,FW,24-173,90,0,0,0,0,7,2,0,0,35,0,0,0,0.5,0.5,0.0,2,0,13,22,59.1,1,22,4,2,1,,,,,,,,,,,,,,,,,,,,,0,0,0.0,0.4,0,1
3,Bruno Guimarães,39.0,br BRA,RM,27-273,90,0,0,0,0,0,0,0,0,57,2,1,1,0.0,0.0,0.0,4,0,41,48,85.4,9,38,1,0,0,,,,,,,,,,,,,,,,,,,,,1,3,0.1,0.4,0,1
4,Dan Burn,33.0,eng ENG,CB,33-099,90,0,0,0,0,0,0,0,0,66,1,2,0,0.0,0.0,0.0,0,0,42,52,80.8,5,37,0,0,0,,,,,,,,,,,,,,,,,,,,,0,2,0.0,0.4,0,1
5,Fabian Schär,5.0,ch SUI,CB,33-239,90,0,0,0,0,3,0,0,0,67,1,4,0,0.0,0.0,0.0,1,0,44,52,84.6,4,44,1,0,0,,,,,,,,,,,,,,,,,,,,,1,5,0.0,0.4,0,1
6,Harvey Barnes,11.0,eng ENG,LW,27-250,89,0,0,0,0,3,0,0,0,44,0,0,0,0.2,0.2,0.5,4,0,25,34,73.5,5,39,7,3,0,,,,,,,,,,,,,,,,,,,,,0,1,0.0,0.4,0,1
7,Jacob Murphy,23.0,eng ENG,RW,30-173,13,0,0,0,0,0,0,0,0,14,0,0,0,0.0,0.0,0.0,0,0,9,11,81.8,0,12,1,2,0,,,,,,,,,,,,,,,,,,,,,1,5,0.2,0.4,0,1
8,Joelinton,7.0,br BRA,LM,29-002,82,0,0,0,0,0,0,1,0,37,2,1,1,0.0,0.0,0.0,3,0,21,25,84.0,3,21,2,2,0,,,,,,,,,,,,,,,,,,,,,0,5,0.1,0.4,0,1
9,Kieran Trippier,2.0,eng ENG,RB,34-331,90,0,0,0,0,0,0,0,0,71,0,3,1,0.0,0.0,0.0,4,0,54,65,83.1,10,41,2,0,0,,,,,,,,,,,,,,,,,,,,,3,5,0.0,0.4,0,1
10,Lewis Miley,67.0,eng ENG,LM,19-107,8,0,0,0,0,0,0,0,0,11,0,0,0,0.0,0.0,0.0,1,0,7,11,63.6,1,10,0,0,0,,,,,,,,,,,,,,,,,,,,,9,5,0.0,0.4,0,1
11,Nick Pope,1.0,eng ENG,GK,33-119,90,0,0,0,0,0,0,0,0,30,0,0,0,0.0,0.0,0.0,1,0,23,29,79.3,0,20,0,0,0,3.0,0.0,3.0,100.0,0.2,1.0,6.0,16.7,26.0,12.0,15.4,25.2,3.0,66.7,46.7,6.0,3.0,50.0,4.0,17.3,6,5,0.0,0.4,0,1
12,Sandro Tonali,8.0,it ITA,CM,25-100,90,0,0,0,0,0,0,0,0,71,2,1,1,0.0,0.0,0.5,3,0,48,61,78.7,8,46,3,1,0,,,,,,,,,,,,,,,,,,,,,1,4,0.1,0.4,0,1
13,Valentino Livramento,21.0,eng ENG,LB,22-277,90,0,0,0,0,0,0,0,0,68,2,0,0,0.0,0.0,0.0,3,0,55,61,90.2,4,46,2,0,0,,,,,,,,,,,,,,,,,,,,,1,3,0.0,0.4,0,1
14,William Osula,18.0,dk DEN,LW,22-012,1,0,0,0,0,1,0,0,0,3,0,0,0,0.0,0.0,0.0,1,0,1,1,100.0,0,3,1,0,0,,,,,,,,,,,,,,,,,,,,,24,50,0.9,0.4,0,1
0,15 Players,,,,,990,3,2,0,0,10,5,0,0,467,14,9,12,0.8,0.8,0.5,19,5,268,360,74.4,23,248,9,7,1,,,,,,,,,,,,,,,,,,,,,0,0,0.0,1.2000000000000002,1,2
1,Chemsdine Talbi,7.0,be BEL,RW,20-099,89,0,1,0,0,0,0,0,0,31,1,0,0,0.0,0.0,0.0,2,1,24,25,96.0,1,23,0,0,0,,,,,,,,,,,,,,,,,,,,,1,1,0.0,1.2000000000000002,1,2
2,Chris Rigg,11.0,eng ENG,RW,18-059,1,0,0,0,0,0,0,0,0,1,0,0,0,0.0,0.0,0.0,0,0,0,0,,0,1,0,0,0,,,,,,,,,,,,,,,,,,,,,0,2,0.0,1.2000000000000002,1,2
3,Daniel Ballard,5.0,nir NIR,CB,25-328,90,1,0,0,0,4,2,0,0,44,1,0,4,0.2,0.2,0.0,2,0,21,25,84.0,1,17,0,0,0,,,,,,,,,,,,,,,,,,,,,2,2,0.0,1.2000000000000002,1,2
4,Eliezer Mayenda,12.0,es ESP,FW,20-100,75,1,0,0,0,2,1,0,0,10,0,0,0,0.1,0.1,0.3,1,0,1,2,50.0,0,7,0,2,0,,,,,,,,,,,,,,,,,,,,,0,1,0.0,1.2000000000000002,1,2
5,Enzo Le Fée,28.0,fr FRA,LW,25-194,15,0,0,0,0,0,0,0,0,12,0,1,0,0.0,0.0,0.0,0,0,8,9,88.9,0,5,0,0,0,,,,,,,,,,,,,,,,,,,,,0,0,0.0,1.2000000000000002,1,2
6,Granit Xhaka,34.0,ch SUI,CM,32-323,90,0,0,0,0,0,0,0,0,60,1,1,1,0.0,0.0,0.1,4,1,40,53,75.5,1,33,0,0,0,,,,,,,,,,,,,,,,,,,,,3,2,0.0,1.2000000000000002,1,2
7,Habib Diarra,19.0,sn SEN,RM,21-225,90,0,0,0,0,2,1,0,0,32,1,0,0,0.3,0.3,0.0,3,0,15,23,65.2,3,20,2,1,0,,,,,,,,,,,,,,,,,,,,,1,2,0.0,1.2000000000000002,1,2
8,Jenson Seelt,23.0,nl NED,CB,22-085,52,0,0,0,0,0,0,0,0,35,2,0,3,0.0,0.0,0.0,0,0,23,28,82.1,6,20,0,0,0,,,,,,,,,,,,,,,,,,,,,4,3,0.0,1.2000000000000002,1,2
9,Noah Sadiki,27.0,cd COD,LM,20-242,90,0,0,0,0,0,0,0,0,40,2,3,2,0.0,0.0,0.0,0,0,23,29,79.3,2,21,1,1,0,,,,,,,,,,,,,,,,,,,,,5,3,0.0,1.2000000000000002,1,2
10,Omar Alderete,15.0,py PAR,CB,28-233,38,0,1,0,0,0,0,0,0,21,1,1,0,0.0,0.0,0.0,1,1,15,16,93.8,0,13,1,0,0,,,,,,,,,,,,,,,,,,,,,3,4,0.0,1.2000000000000002,1,2
11,Reinildo Mandava,17.0,mz MOZ,LB,31-207,90,0,0,0,0,0,0,0,0,59,2,2,1,0.0,0.0,0.0,1,1,38,51,74.5,4,31,2,0,0,,,,,,,,,,,,,,,,,,,,,3,1,0.1,1.2000000000000002,1,2
12,Robin Roefs,22.0,nl NED,GK,22-211,90,0,0,0,0,0,0,0,0,29,0,0,0,0.0,0.0,0.0,0,0,13,26,50.0,0,18,0,0,0,3.0,0.0,3.0,100.0,0.4,3.0,15.0,20.0,23.0,3.0,52.2,41.2,3.0,100.0,64.3,18.0,2.0,11.1,0.0,6.8,9,4,0.0,1.2000000000000002,1,2
13,Simon Adingra,24.0,ci CIV,LW,23-227,75,0,0,0,0,1,0,0,0,31,1,0,1,0.1,0.1,0.0,3,1,14,21,66.7,1,19,1,2,0,,,,,,,,,,,,,,,,,,,,,3,3,0.1,1.2000000000000002,1,2
14,Trai Hume,32.0,nir NIR,RB,23-151,90,0,0,0,0,0,0,0,0,58,2,1,0,0.0,0.0,0.1,2,0,32,51,62.7,3,19,1,1,1,,,,,,,,,,,,,,,,,,,,,0,3,0.0,1.2000000000000002,1,2
15,Wilson Isidor,18.0,fr FRA,FW,24-354,15,1,0,0,0,1,1,0,0,4,0,0,0,0.0,0.0,0.0,0,0,1,1,100.0,1,1,1,0,0,,,,,,,,,,,,,,,,,,,,,34,31,0.3,1.2000000000000002,1,2
0,14 Players,,,,,990,0,0,0,0,12,3,1,0,706,12,4,10,0.6,0.6,0.4,23,0,496,600,82.7,50,328,10,18,7,,,,,,,,,,,,,,,,,,,,,0,0,0.1,1.5,0,2
1,Aaron Wan-Bissaka,29.0,eng ENG,"WB,RB",27-263,90,0,0,0,0,0,0,0,0,93,1,1,2,0.0,0.0,0.0,2,0,70,85,82.4,5,53,4,5,3,,,,,,,,,,,,,,,,,,,,,0,6,0.1,1.5,0,2
2,Andy Irving,39.0,sct SCO,AM,25-095,9,0,0,0,0,0,0,0,0,13,1,0,0,0.0,0.0,0.0,1,0,7,12,58.3,2,3,0,0,0,,,,,,,,,,,,,,,,,,,,,0,5,0.1,1.5,0,2
3,Callum Wilson,9.0,eng ENG,FW,33-170,20,0,0,0,0,1,0,0,0,6,0,0,0,0.0,0.0,0.0,1,0,0,1,0.0,0,4,0,1,0,,,,,,,,,,,,,,,,,,,,,1,4,0.0,1.5,0,2
4,El Hadji Diouf,12.0,sn SEN,"WB,LB",20-231,90,0,0,0,0,3,0,0,0,52,0,0,1,0.2,0.2,0.1,2,0,30,40,75.0,2,17,0,1,1,,,,,,,,,,,,,,,,,,,,,0,1,0.0,1.5,0,2
5,Guido Rodríguez,24.0,ar ARG,CM,31-126,70,0,0,0,0,1,0,0,0,42,0,0,3,0.0,0.0,0.0,1,0,28,34,82.4,4,14,0,0,0,,,,,,,,,,,,,,,,,,,,,0,2,0.0,1.5,0,2
6,James Ward-Prowse,8.0,eng ENG,CM,30-288,70,0,0,0,0,0,0,0,0,56,1,0,2,0.0,0.0,0.0,2,0,44,50,88.0,2,26,0,0,0,,,,,,,,,,,,,,,,,,,,,0,0,0.0,1.5,0,2
7,Jarrod Bowen,20.0,eng ENG,"FW,AM",28-239,90,0,0,0,0,4,1,0,0,45,2,0,0,0.2,0.2,0.0,6,0,22,30,73.3,5,18,2,5,2,,,,,,,,,,,,,,,,,,,,,3,3,0.1,1.5,0,2
8,Jean-Clair Todibo,25.0,fr FRA,CB,25-229,81,0,0,0,0,0,0,0,0,78,3,2,0,0.0,0.0,0.0,1,0,62,69,89.9,7,44,2,1,0,,,,,,,,,,,,,,,,,,,,,1,6,0.1,1.5,0,2
9,Lucas Paquetá,10.0,br BRA,"AM,DM,CM",27-354,90,0,0,0,0,0,0,0,0,75,1,0,1,0.0,0.0,0.0,2,0,53,65,81.5,11,30,0,3,0,,,,,,,,,,,,,,,,,,,,,1,4,0.0,1.5,0,2
10,Mads Hermansen,1.0,dk DEN,GK,25-036,90,0,0,0,0,0,0,0,0,39,0,0,0,0.0,0.0,0.0,0,0,25,37,67.6,0,27,0,0,0,5.0,3.0,2.0,40.0,1.6,8.0,20.0,40.0,36.0,4.0,55.6,38.5,1.0,0.0,26.0,10.0,1.0,10.0,0.0,8.2,8,2,0.0,1.5,0,2
11,Max Kilman,3.0,eng ENG,CB,28-085,90,0,0,0,0,0,0,1,0,84,3,0,0,0.0,0.0,0.0,3,0,67,71,94.4,5,44,0,0,0,,,,,,,,,,,,,,,,,,,,,4,2,0.0,1.5,0,2
12,Nayef Aguerd,5.0,ma MAR,CB,29-139,90,0,0,0,0,0,0,0,0,77,0,0,1,0.0,0.0,0.0,1,0,63,72,87.5,5,33,1,1,1,,,,,,,,,,,,,,,,,,,,,0,1,0.1,1.5,0,2
13,Niclas Füllkrug,11.0,de GER,"FW,AM",32-188,90,0,0,0,0,2,1,0,0,31,0,0,0,0.1,0.1,0.1,1,0,15,23,65.2,2,10,0,0,0,,,,,,,,,,,,,,,,,,,,,1,2,0.0,1.5,0,2
14,Tomáš Souček,28.0,cz CZE,"DM,CM",30-170,20,0,0,0,0,1,1,0,0,15,0,1,0,0.1,0.1,0.0,0,0,10,11,90.9,0,5,1,1,0,,,,,,,,,,,,,,,,,,,,,19,38,0.5,1.5,0,2
0,16 Players,,,,,990,3,3,0,0,16,6,0,0,649,12,1,6,2.3,2.3,1.8,29,6,477,559,85.3,31,422,17,16,11,,,,,,,,,,,,,,,,,,,,,3,2,0.0,1.6,1,3
1,Archie Gray,14.0,eng ENG,CM,19-157,70,0,0,0,0,0,0,0,0,46,1,0,1,0.0,0.0,0.0,1,0,38,41,92.7,6,32,2,0,0,,,,,,,,,,,,,,,,,,,,,1,0,0.0,1.6,1,3
2,Brennan Johnson,22.0,wls WAL,LW,24-085,79,1,0,0,0,2,1,0,0,27,1,0,0,0.5,0.5,0.1,2,0,14,21,66.7,0,17,4,0,0,,,,,,,,,,,,,,,,,,,,,2,1,0.1,1.6,1,3
3,Cristian Romero,17.0,ar ARG,CB,27-111,90,0,0,0,0,0,0,0,0,94,0,0,2,0.0,0.0,0.0,0,0,78,88,88.6,3,67,0,0,0,,,,,,,,,,,,,,,,,,,,,0,1,0.0,1.6,1,3
4,Djed Spence,24.0,eng ENG,LB,25-007,90,0,0,0,0,2,1,0,0,61,0,0,0,0.2,0.2,0.0,2,0,51,56,91.1,7,44,4,1,1,,,,,,,,,,,,,,,,,,,,,0,3,0.6,1.6,1,3
5,Dominic Solanke,19.0,eng ENG,FW,27-336,20,0,0,0,0,1,0,0,0,6,1,0,0,0.1,0.1,0.0,0,0,1,1,100.0,0,3,0,0,0,,,,,,,,,,,,,,,,,,,,,0,0,0.0,1.6,1,3
6,Guglielmo Vicario,1.0,it ITA,GK,28-313,90,0,0,0,0,0,0,0,0,51,0,0,0,0.0,0.0,0.0,1,0,47,50,94.0,0,36,0,0,0,4.0,0.0,4.0,100.0,1.1,1.0,2.0,50.0,46.0,4.0,2.2,23.0,4.0,25.0,34.3,10.0,0.0,0.0,0.0,6.0,1,1,0.0,1.6,1,3
7,João Palhinha,6.0,pt POR,"DM,LM",30-038,11,0,0,0,0,0,0,0,0,14,0,0,0,0.0,0.0,0.0,0,0,11,13,84.6,0,12,0,0,0,,,,,,,,,,,,,,,,,,,,,0,0,0.0,1.6,1,3
8,Lucas Bergvall,15.0,se SWE,LM,19-195,79,0,0,0,0,1,1,0,0,30,2,0,0,0.1,0.1,0.0,3,0,19,26,73.1,2,18,2,2,2,,,,,,,,,,,,,,,,,,,,,2,5,0.0,1.6,1,3
9,Mathys Tel,11.0,fr FRA,LW,20-111,6,0,0,0,0,0,0,0,0,5,0,0,1,0.0,0.0,0.0,0,0,3,4,75.0,0,3,0,0,0,,,,,,,,,,,,,,,,,,,,,1,1,0.0,1.6,1,3
10,Micky van de Ven,37.0,nl NED,CB,24-119,90,0,0,0,0,2,0,0,0,82,1,1,0,0.6,0.6,0.0,0,0,63,68,92.6,0,55,1,2,0,,,,,,,,,,,,,,,,,,,,,4,4,0.2,1.6,1,3
11,Mohammed Kudus,20.0,gh GHA,RW,25-014,84,0,2,0,0,2,0,0,0,40,1,0,0,0.1,0.1,0.9,8,3,27,34,79.4,0,24,1,3,2,,,,,,,,,,,,,,,,,,,,,3,2,0.1,1.6,1,3
12,Pape Matar Sarr,29.0,sn SEN,"RM,AM",22-336,90,0,1,0,0,0,0,0,0,61,2,0,0,0.0,0.0,0.4,3,2,43,52,82.7,4,34,1,5,3,,,,,,,,,,,,,,,,,,,,,4,4,0.0,1.6,1,3
13,Pedro Porro,23.0,es ESP,RB,25-337,90,0,0,0,0,1,0,0,0,91,2,0,0,0.0,0.0,0.2,3,0,59,81,72.8,6,54,2,1,1,,,,,,,,,,,,,,,,,,,,,3,3,0.0,1.6,1,3
14,Richarlison,9.0,br BRA,FW,28-098,70,2,0,0,0,5,3,0,0,21,0,0,1,0.7,0.7,0.0,4,1,6,7,85.7,0,12,0,2,2,,,,,,,,,,,,,,,,,,,,,5,4,0.3,1.6,1,3
15,Rodrigo Bentancur,30.0,uy URU,"DM,CM",28-052,20,0,0,0,0,0,0,0,0,16,1,0,1,0.0,0.0,0.0,1,0,14,14,100.0,2,9,0,0,0,,,,,,,,,,,,,,,,,,,,,0,0,0.0,1.6,1,3
16,Wilson Odobert,28.0,fr FRA,"RW,LW",20-261,11,0,0,0,0,0,0,0,0,4,0,0,0,0.0,0.0,0.1,1,0,3,3,100.0,1,2,0,0,0,,,,,,,,,,,,,,,,,,,,,29,31,1.3,1.6,1,3
0,16 Players,,,,,990,0,0,0,0,14,4,0,0,380,6,7,8,0.9,0.9,0.9,24,0,197,282,69.9,17,158,4,12,7,,,,,,,,,,,,,,,,,,,,,2,1,0.0,4.6,0,3
1,Hannibal Mejbri,28.0,tn TUN,RM,22-207,62,0,0,0,0,1,0,0,0,18,0,0,0,0.0,0.0,0.0,1,0,9,10,90.0,1,7,0,3,2,,,,,,,,,,,,,,,,,,,,,0,0,0.0,4.6,0,3
2,Hjalmar Ekdal,18.0,se SWE,CB,26-299,90,0,0,0,0,0,0,0,0,26,0,0,1,0.0,0.0,0.0,0,0,17,21,81.0,0,11,0,0,0,,,,,,,,,,,,,,,,,,,,,0,4,0.4,4.6,0,3
3,Jacob Bruun Larsen,7.0,dk DEN,"LM,FW",26-331,28,0,0,0,0,0,0,0,0,13,0,0,0,0.0,0.0,0.0,0,0,5,10,50.0,2,7,0,1,1,,,,,,,,,,,,,,,,,,,,,0,0,0.0,4.6,0,3
4,Jaidon Anthony,11.0,eng ENG,"LM,RM",25-258,84,0,0,0,0,4,1,0,0,36,0,0,3,0.4,0.4,0.1,3,0,16,22,72.7,2,19,0,4,0,,,,,,,,,,,,,,,,,,,,,2,4,0.3,4.6,0,3
5,Josh Cullen,24.0,ie IRL,CM,29-131,90,0,0,0,0,0,0,0,0,47,3,3,0,0.0,0.0,0.2,8,0,31,38,81.6,3,22,0,0,0,,,,,,,,,,,,,,,,,,,,,2,3,0.1,4.6,0,3
6,Josh Laurent,29.0,eng ENG,CM,30-102,62,0,0,0,0,3,2,0,0,22,1,0,0,0.1,0.1,0.2,3,0,8,14,57.1,2,11,1,0,0,,,,,,,,,,,,,,,,,,,,,0,1,0.0,4.6,0,3
7,Kyle Walker,2.0,eng ENG,"CB,RB",35-080,90,0,0,0,0,1,0,0,0,44,0,1,0,0.0,0.0,0.0,1,0,30,39,76.9,0,20,0,0,0,,,,,,,,,,,,,,,,,,,,,0,1,0.0,4.6,0,3
8,Lesley Ugochukwu,8.0,fr FRA,CM,21-143,28,0,0,0,0,1,0,0,0,6,0,0,0,0.0,0.0,0.0,1,0,3,3,100.0,0,4,0,0,0,,,,,,,,,,,,,,,,,,,,,1,1,0.0,4.6,0,3
9,Loum Tchaouna,17.0,fr FRA,"FW,RM",21-342,17,0,0,0,0,0,0,0,0,7,1,0,0,0.0,0.0,0.0,0,0,4,6,66.7,1,4,1,1,1,,,,,,,,,,,,,,,,,,,,,4,2,0.0,4.6,0,3
10,Lyle Foster,9.0,za RSA,FW,24-347,73,0,0,0,0,2,0,0,0,21,0,0,0,0.2,0.2,0.4,3,0,12,13,92.3,2,10,1,2,2,,,,,,,,,,,,,,,,,,,,,6,2,0.0,4.6,0,3
11,Marcus Edwards,10.0,eng ENG,FW,26-256,6,0,0,0,0,0,0,0,0,1,0,0,0,0.0,0.0,0.0,0,0,0,0,,0,1,0,0,0,,,,,,,,,,,,,,,,,,,,,5,1,0.0,4.6,0,3
12,Martin Dúbravka,1.0,sk SVK,GK,36-213,90,0,0,0,0,0,0,0,0,36,0,0,0,0.0,0.0,0.0,0,0,14,32,43.8,0,14,0,0,0,6.0,3.0,3.0,50.0,2.6,5.0,22.0,22.7,18.0,3.0,61.1,40.9,13.0,84.6,59.8,22.0,3.0,13.6,0.0,4.7,4,4,0.0,4.6,0,3
13,Maxime Estève,5.0,fr FRA,CB,23-082,90,0,0,0,0,1,1,0,0,35,0,1,2,0.0,0.0,0.0,0,0,18,23,78.3,0,12,0,0,0,,,,,,,,,,,,,,,,,,,,,2,1,0.1,4.6,0,3
14,Oliver Sonne,22.0,pe PER,"RB,RM",24-279,73,0,0,0,0,1,0,0,0,21,0,0,0,0.0,0.0,0.0,2,0,11,16,68.8,2,5,0,1,1,,,,,,,,,,,,,,,,,,,,,0,1,0.0,4.6,0,3
15,Quilindschy Hartman,3.0,nl NED,LB,23-275,90,0,0,0,0,0,0,0,0,43,1,2,2,0.0,0.0,0.0,2,0,19,32,59.4,2,9,0,0,0,,,,,,,,,,,,,,,,,,,,,0,0,0.0,4.6,0,3
16,Zian Flemming,19.0,nl NED,FW,27-015,17,0,0,0,0,0,0,0,0,4,0,0,0,0.0,0.0,0.0,0,0,0,3,0.0,0,2,1,0,0,,,,,,,,,,,,,,,,,,,,,28,26,1.0,4.6,0,3
0,16 Players,,,,,990,1,0,1,1,9,3,3,0,570,19,9,11,1.5,0.7,0.6,17,2,388,454,85.5,38,318,11,12,4,,,,,,,,,,,,,,,,,,,,,0,1,0.0,1.7000000000000002,1,4
1,Bart Verbruggen,1.0,nl NED,GK,22-363,90,0,0,0,0,0,0,0,0,44,0,0,0,0.0,0.0,0.0,0,0,32,42,76.2,0,32,0,0,0,2.0,1.0,1.0,50.0,0.7,1.0,10.0,10.0,42.0,3.0,23.8,27.4,0.0,,,11.0,1.0,9.1,0.0,10.7,0,0,0.0,1.7000000000000002,1,4
2,Brajan Gruda,8.0,de GER,RW,21-077,8,0,0,0,0,1,0,0,0,5,1,0,0,0.3,0.3,0.0,1,0,2,2,100.0,0,3,1,0,0,,,,,,,,,,,,,,,,,,,,,0,0,0.0,1.7000000000000002,1,4
3,Carlos Baleba,17.0,cm CMR,DM,21-225,68,0,0,0,0,1,0,0,0,31,1,3,0,0.0,0.0,0.0,1,0,18,20,90.0,2,12,0,0,0,,,,,,,,,,,,,,,,,,,,,0,1,0.0,1.7000000000000002,1,4
4,Danny Welbeck,18.0,eng ENG,FW,34-263,22,0,0,0,0,0,0,0,0,10,1,0,0,0.0,0.0,0.0,0,0,4,7,57.1,0,3,0,0,0,,,,,,,,,,,,,,,,,,,,,0,3,0.0,1.7000000000000002,1,4
5,Diego Gómez,25.0,py PAR,"DM,AM",22-142,22,0,0,0,0,1,1,1,0,14,2,1,0,0.0,0.0,0.3,1,0,6,9,66.7,1,6,0,0,0,,,,,,,,,,,,,,,,,,,,,1,0,0.0,1.7000000000000002,1,4
6,Ferdi Kadioglu,24.0,tr TUR,"LW,RW",25-313,22,0,0,0,0,0,0,1,0,9,0,0,0,0.0,0.0,0.0,0,0,5,8,62.5,1,6,0,0,0,,,,,,,,,,,,,,,,,,,,,0,0,0.1,1.7000000000000002,1,4
7,Georginio Rutter,10.0,fr FRA,FW,23-118,68,0,0,0,0,2,1,0,0,18,1,0,2,0.1,0.1,0.0,3,1,2,4,50.0,1,13,1,1,0,,,,,,,,,,,,,,,,,,,,,0,0,0.0,1.7000000000000002,1,4
8,James Milner,20.0,eng ENG,DM,39-224,3,0,0,0,0,0,0,0,0,1,0,0,0,0.0,0.0,0.0,0,0,1,1,100.0,0,0,0,0,0,,,,,,,,,,,,,,,,,,,,,1,6,0.1,1.7000000000000002,1,4
9,Jan Paul van Hecke,6.0,nl NED,CB,25-069,90,0,0,0,0,0,0,0,0,91,1,0,2,0.0,0.0,0.0,1,0,77,81,95.1,7,61,0,0,0,,,,,,,,,,,,,,,,,,,,,1,6,0.0,1.7000000000000002,1,4
10,Kaoru Mitoma,22.0,jp JPN,LW,28-088,82,0,0,0,0,1,0,1,0,26,0,0,0,0.1,0.1,0.0,0,0,17,19,89.5,1,18,4,3,1,,,,,,,,,,,,,,,,,,,,,0,2,0.0,1.7000000000000002,1,4
11,Lewis Dunk,5.0,eng ENG,CB,33-268,90,0,0,0,0,1,0,0,0,101,1,0,0,0.1,0.1,0.0,0,0,86,90,95.6,1,60,0,1,1,,,,,,,,,,,,,,,,,,,,,3,3,0.1,1.7000000000000002,1,4
12,Mats Wieffer,27.0,nl NED,RB,25-273,90,0,0,0,0,1,1,0,0,62,5,1,1,0.0,0.0,0.0,1,0,36,47,76.6,6,18,0,0,0,,,,,,,,,,,,,,,,,,,,,7,5,0.0,1.7000000000000002,1,4
13,Matt O'Riley,33.0,dk DEN,AM,24-268,87,1,0,1,1,0,0,0,0,35,3,0,3,0.8,0.0,0.2,3,0,20,26,76.9,3,11,0,1,0,,,,,,,,,,,,,,,,,,,,,6,4,0.1,1.7000000000000002,1,4
14,Maxim De Cuyper,29.0,be BEL,LB,24-237,90,0,0,0,0,0,0,0,0,46,2,1,1,0.0,0.0,0.1,3,1,32,36,88.9,7,26,1,1,0,,,,,,,,,,,,,,,,,,,,,7,5,0.0,1.7000000000000002,1,4
15,Yankuba Minteh,11.0,gm GAM,RW,21-025,68,0,0,0,0,1,0,0,0,27,0,1,1,0.1,0.1,0.0,0,0,11,17,64.7,0,21,4,4,2,,,,,,,,,,,,,,,,,,,,,1,1,0.0,1.7000000000000002,1,4
16,Yasin Ayari,26.0,se SWE,DM,21-314,90,0,0,0,0,0,0,0,0,50,1,2,1,0.0,0.0,0.0,3,0,39,45,86.7,8,28,0,1,0,,,,,,,,,,,,,,,,,,,,,27,37,0.6,1.7000000000000002,1,4
0,16 Players,,,,,990,1,0,0,0,7,2,3,0,546,15,2,4,0.8,0.8,0.5,12,1,376,466,80.7,32,347,16,18,5,,,,,,,,,,,,,,,,,,,,,0,0,0.0,3.0,0,4
1,Adama Traoré,11.0,es ESP,"LW,RW",29-203,25,0,0,0,0,0,0,0,0,9,0,0,0,0.0,0.0,0.0,0,0,4,6,66.7,0,5,1,2,0,,,,,,,,,,,,,,,,,,,,,0,0,0.0,3.0,0,4
2,Alex Iwobi,17.0,ng NGA,LW,29-105,65,0,0,0,0,1,0,0,0,35,0,0,0,0.0,0.0,0.4,3,0,21,28,75.0,4,29,5,3,1,,,,,,,,,,,,,,,,,,,,,0,2,0.3,3.0,0,4
3,Bernd Leno,1.0,de GER,GK,33-165,90,0,0,0,0,0,0,0,0,54,0,0,0,0.0,0.0,0.0,0,0,40,53,75.5,0,39,0,0,0,4.0,1.0,3.0,100.0,1.0,7.0,20.0,35.0,45.0,7.0,33.3,32.0,8.0,62.5,42.8,9.0,2.0,22.2,0.0,4.0,0,0,0.0,3.0,0,4
4,Calvin Bassey,3.0,ng NGA,"LB,CB",25-228,90,0,0,0,0,0,0,1,0,75,2,0,0,0.0,0.0,0.0,1,0,56,70,80.0,1,45,1,2,1,,,,,,,,,,,,,,,,,,,,,1,4,0.0,3.0,0,4
5,Emile Smith Rowe,32.0,eng ENG,AM,25-019,14,0,0,0,0,1,0,0,0,13,0,0,0,0.1,0.1,0.0,1,1,8,10,80.0,0,8,0,1,0,,,,,,,,,,,,,,,,,,,,,0,6,0.1,3.0,0,4
6,Harry Wilson,8.0,wls WAL,"RW,LW",28-147,90,0,0,0,0,1,0,0,0,28,1,0,0,0.1,0.1,0.0,0,0,15,21,71.4,0,19,2,2,1,,,,,,,,,,,,,,,,,,,,,0,0,0.0,3.0,0,4
7,Joachim Andersen,5.0,dk DEN,CB,29-077,90,0,0,0,0,0,0,0,0,63,3,1,1,0.0,0.0,0.0,0,0,43,52,82.7,3,31,0,1,1,,,,,,,,,,,,,,,,,,,,,0,0,0.0,3.0,0,4
8,Jorge Cuenca,15.0,es ESP,CB,25-272,83,0,0,0,0,0,0,0,0,60,1,0,0,0.0,0.0,0.0,0,0,50,56,89.3,2,48,0,0,0,,,,,,,,,,,,,,,,,,,,,0,2,0.0,3.0,0,4
9,Joshua King,24.0,eng ENG,AM,18-225,76,0,0,0,0,1,1,0,0,32,3,0,0,0.2,0.2,0.0,4,0,22,26,84.6,9,21,3,1,0,,,,,,,,,,,,,,,,,,,,,2,0,0.0,3.0,0,4
10,Kenny Tete,2.0,nl NED,RB,29-311,90,0,0,0,0,0,0,0,0,49,3,1,0,0.0,0.0,0.0,0,0,35,40,87.5,5,26,1,2,0,,,,,,,,,,,,,,,,,,,,,2,4,0.0,3.0,0,4
11,Raúl Jiménez,7.0,mx MEX,FW,34-103,65,0,0,0,0,2,0,0,0,19,0,0,1,0.3,0.3,0.0,0,0,7,13,53.8,0,13,0,0,0,,,,,,,,,,,,,,,,,,,,,2,4,0.0,3.0,0,4
12,Rodrigo Muniz,9.0,br BRA,FW,24-104,25,1,0,0,0,1,1,1,0,7,0,0,1,0.2,0.2,0.0,0,0,0,4,0.0,0,4,0,0,0,,,,,,,,,,,,,,,,,,,,,0,0,0.0,3.0,0,4
13,Sander Berge,16.0,no NOR,DM,27-183,65,0,0,0,0,0,0,0,0,27,1,0,1,0.0,0.0,0.0,1,0,21,23,91.3,4,15,1,0,0,,,,,,,,,,,,,,,,,,,,,4,1,0.0,3.0,0,4
14,Saša Lukić,20.0,rs SRB,DM,29-003,90,0,0,0,0,0,0,0,0,45,1,0,0,0.0,0.0,0.1,1,0,36,40,90.0,3,24,2,2,1,,,,,,,,,,,,,,,,,,,,,3,5,0.0,3.0,0,4
15,Timothy Castagne,21.0,be BEL,LB,29-254,7,0,0,0,0,0,0,0,0,8,0,0,0,0.0,0.0,0.0,1,0,6,8,75.0,1,3,0,0,0,,,,,,,,,,,,,,,,,,,,,1,0,0.0,3.0,0,4
16,Tom Cairney,10.0,sct SCO,DM,34-208,25,0,0,0,0,0,0,1,0,22,0,0,0,0.0,0.0,0.0,0,0,12,16,75.0,0,17,0,2,0,,,,,,,,,,,,,,,,,,,,,15,28,0.5,3.0,0,4
0,16 Players,,,,,990,0,0,0,0,9,3,1,0,542,25,6,11,0.6,0.6,0.4,18,0,354,445,79.6,23,327,12,11,5,,,,,,,,,,,,,,,,,,,,,2,1,0.0,5.0,1,5
1,André,7.0,br BRA,CM,24-031,71,0,0,0,0,0,0,0,0,40,4,1,3,0.0,0.0,0.0,1,0,29,30,96.7,2,25,0,1,0,,,,,,,,,,,,,,,,,,,,,0,0,0.0,5.0,1,5
2,David Møller Wolfe,6.0,no NOR,LM,23-115,71,0,0,0,0,0,0,0,0,35,1,0,0,0.0,0.0,0.0,0,0,14,28,50.0,2,13,1,0,0,,,,,,,,,,,,,,,,,,,,,0,0,0.0,5.0,1,5
3,Emmanuel Agbadou,12.0,ci CIV,CB,28-060,90,0,0,0,0,1,0,0,0,70,2,0,1,0.0,0.0,0.0,1,0,51,61,83.6,1,51,0,0,0,,,,,,,,,,,,,,,,,,,,,0,2,0.0,5.0,1,5
4,Fer López,28.0,,CM,,19,0,0,0,0,2,1,0,0,10,0,0,1,0.1,0.1,0.0,2,0,4,5,80.0,2,6,1,0,0,,,,,,,,,,,,,,,,,,,,,0,4,0.0,5.0,1,5
5,Hugo Bueno,3.0,es ESP,LM,22-332,19,0,0,0,0,0,0,0,0,19,0,0,0,0.0,0.0,0.0,0,0,11,15,73.3,0,12,4,3,1,,,,,,,,,,,,,,,,,,,,,3,2,0.0,5.0,1,5
6,Hwang Hee-chan,11.0,kr KOR,FW,29-202,9,0,0,0,0,0,0,0,0,4,1,0,1,0.0,0.0,0.0,1,0,1,1,100.0,0,1,1,0,0,,,,,,,,,,,,,,,,,,,,,1,2,0.0,5.0,1,5
7,Jean-Ricner Bellegarde,27.0,fr FRA,LW,27-050,72,0,0,0,0,1,0,0,0,33,2,1,0,0.0,0.0,0.1,2,0,22,27,81.5,4,16,2,1,0,,,,,,,,,,,,,,,,,,,,,1,2,0.0,5.0,1,5
8,Jhon Arias,10.0,co COL,LW,27-329,18,0,0,0,0,0,0,0,0,10,0,1,0,0.0,0.0,0.1,2,0,7,10,70.0,1,6,0,0,0,,,,,,,,,,,,,,,,,,,,,1,8,0.0,5.0,1,5
9,José Sá,1.0,pt POR,GK,32-211,90,0,0,0,0,0,0,0,0,27,0,0,0,0.0,0.0,0.0,1,0,21,26,80.8,0,16,0,0,0,4.0,4.0,0.0,0.0,2.3,3.0,8.0,37.5,18.0,3.0,27.8,29.2,8.0,37.5,37.3,15.0,1.0,6.7,0.0,5.0,0,0,0.0,5.0,1,5
10,João Gomes,8.0,br BRA,CM,24-185,90,0,0,0,0,0,0,0,0,65,4,1,2,0.0,0.0,0.0,2,0,52,57,91.2,3,37,1,1,1,,,,,,,,,,,,,,,,,,,,,5,2,0.1,5.0,1,5
11,Jørgen Strand Larsen,9.0,no NOR,FW,25-191,81,0,0,0,0,4,2,0,0,27,1,0,1,0.4,0.4,0.0,0,0,12,17,70.6,1,19,0,0,0,,,,,,,,,,,,,,,,,,,,,0,0,0.0,5.0,1,5
12,Ki-Jana Hoever,26.0,nl NED,RM,23-210,72,0,0,0,0,0,0,0,0,48,2,1,0,0.0,0.0,0.1,1,0,22,38,57.9,2,26,0,1,0,,,,,,,,,,,,,,,,,,,,,2,4,0.0,5.0,1,5
13,Marshall Munetsi,5.0,zw ZIM,RW,29-055,90,0,0,0,0,1,0,0,0,22,2,0,0,0.1,0.1,0.0,2,0,9,14,64.3,1,14,1,2,2,,,,,,,,,,,,,,,,,,,,,4,2,0.0,5.0,1,5
14,Matt Doherty,2.0,ie IRL,CB,33-212,90,0,0,0,0,0,0,1,0,54,3,1,1,0.0,0.0,0.0,2,0,41,47,87.2,3,29,0,0,0,,,,,,,,,,,,,,,,,,,,,1,6,0.0,5.0,1,5
15,Rodrigo Gomes,21.0,pt POR,RM,22-040,18,0,0,0,0,0,0,0,0,15,1,0,1,0.0,0.0,0.0,0,0,7,10,70.0,0,7,0,1,0,,,,,,,,,,,,,,,,,,,,,1,0,0.0,5.0,1,5
16,Toti Gomes,24.0,pt POR,CB,26-212,90,0,0,0,0,0,0,0,0,63,2,0,0,0.0,0.0,0.0,1,0,51,59,86.4,1,49,1,1,1,,,,,,,,,,,,,,,,,,,,,21,35,0.3,5.0,1,5
0,16 Players,,,,,990,4,3,0,0,15,4,2,0,720,18,7,9,2.5,2.5,2.2,25,8,535,603,88.7,51,404,25,28,14,,,,,,,,,,,,,,,,,,,,,0,1,0.0,1.2,0,5
1,Abdukodir Khusanov,45.0,uz UZB,CB,21-168,9,0,0,0,0,0,0,0,0,6,1,0,0,0.0,0.0,0.0,0,0,4,4,100.0,0,4,0,1,1,,,,,,,,,,,,,,,,,,,,,0,0,0.0,1.2,0,5
2,Bernardo Silva,20.0,pt POR,LM,31-006,65,0,0,0,0,0,0,0,0,53,4,0,1,0.0,0.0,1.0,5,0,39,44,88.6,3,23,0,1,0,,,,,,,,,,,,,,,,,,,,,0,1,0.0,1.2,0,5
3,Erling Haaland,9.0,no NOR,FW,25-026,72,2,0,0,0,6,2,0,0,13,1,0,0,2.0,2.0,0.0,0,0,2,4,50.0,0,6,0,1,0,,,,,,,,,,,,,,,,,,,,,0,1,0.0,1.2,0,5
4,James Trafford,1.0,eng ENG,GK,22-310,90,0,0,0,0,0,0,0,0,34,0,0,0,0.0,0.0,0.0,0,0,22,31,71.0,0,20,0,0,0,3.0,0.0,3.0,100.0,0.7,1.0,8.0,12.5,28.0,3.0,21.4,27.9,3.0,66.7,55.7,11.0,1.0,9.1,2.0,12.9,1,4,0.1,1.2,0,5
5,Jeremy Doku,11.0,be BEL,LW,23-081,65,0,0,0,0,0,0,0,0,29,0,0,0,0.0,0.0,0.0,2,0,18,22,81.8,1,22,2,3,1,,,,,,,,,,,,,,,,,,,,,1,4,0.4,1.2,0,5
6,John Stones,5.0,eng ENG,CB,31-080,81,0,0,0,0,0,0,0,0,63,0,0,1,0.0,0.0,0.0,1,0,55,61,90.2,6,36,2,2,2,,,,,,,,,,,,,,,,,,,,,0,0,0.0,1.2,0,5
7,Matheus Nunes,27.0,pt POR,RB,26-354,25,0,0,0,0,0,0,0,0,24,1,0,0,0.0,0.0,0.0,0,0,18,20,90.0,0,7,0,0,0,,,,,,,,,,,,,,,,,,,,,2,4,0.0,1.2,0,5
8,Nico O’Reilly,33.0,eng ENG,LM,20-148,25,0,0,0,0,0,0,1,0,19,0,0,0,0.0,0.0,0.0,0,0,18,18,100.0,0,10,1,0,0,,,,,,,,,,,,,,,,,,,,,1,1,0.1,1.2,0,5
9,Nicolás González,14.0,es ESP,CM,23-225,90,0,0,0,0,2,0,0,0,89,3,1,2,0.1,0.1,0.0,4,1,72,78,92.3,9,47,2,5,4,,,,,,,,,,,,,,,,,,,,,6,3,0.0,1.2,0,5
10,Omar Marmoush,7.0,eg EGY,LW,26-190,25,0,0,0,0,1,0,0,0,9,0,0,0,0.1,0.1,0.0,2,0,5,6,83.3,0,7,0,2,0,,,,,,,,,,,,,,,,,,,,,4,4,0.1,1.2,0,5
11,Oscar Bobb,52.0,no NOR,RW,22-035,90,0,1,0,0,0,0,0,0,41,0,0,1,0.0,0.0,0.2,4,3,31,34,91.2,6,29,3,5,3,,,,,,,,,,,,,,,,,,,,,1,4,0.0,1.2,0,5
12,Rayan Aït-Nouri,21.0,dz ALG,LB,24-071,90,0,0,0,0,2,0,0,0,94,6,3,2,0.0,0.0,0.0,2,1,60,68,88.2,5,44,3,3,1,,,,,,,,,,,,,,,,,,,,,0,0,0.0,1.2,0,5
13,Rayan Cherki,10.0,fr FRA,FW,21-364,18,1,0,0,0,1,1,0,0,22,0,1,0,0.1,0.1,0.0,1,0,18,20,90.0,2,12,2,0,0,,,,,,,,,,,,,,,,,,,,,4,1,0.6,1.2,0,5
14,Rico Lewis,82.0,eng ENG,RB,20-268,65,0,1,0,0,0,0,0,0,65,1,2,0,0.0,0.0,0.9,2,1,49,54,90.7,7,42,2,1,0,,,,,,,,,,,,,,,,,,,,,3,2,0.0,1.2,0,5
15,Rúben Dias,3.0,pt POR,CB,28-094,90,0,0,0,0,0,0,0,0,83,0,0,1,0.0,0.0,0.0,0,0,71,79,89.9,6,49,3,1,1,,,,,,,,,,,,,,,,,,,,,1,1,0.0,1.2,0,5
16,Tijjani Reijnders,4.0,nl NED,RM,27-018,90,1,1,0,0,3,1,1,0,76,1,0,1,0.2,0.2,0.1,2,2,53,60,88.3,6,46,5,3,1,,,,,,,,,,,,,,,,,,,,,24,31,1.5,1.2,0,5
0,14 Players,,,,,990,3,2,0,0,11,5,1,0,557,12,9,8,1.8,1.8,1.8,21,6,354,453,78.1,41,249,19,15,9,,,,,,,,,,,,,,,,,,,,,0,2,0.0,2.9000000000000004,1,6
1,Callum Hudson-Odoi,7.0,eng ENG,LW,24-283,90,0,0,0,0,1,1,0,0,47,0,0,0,0.0,0.0,0.3,4,0,35,40,87.5,3,29,5,4,2,,,,,,,,,,,,,,,,,,,,,1,0,0.0,2.9000000000000004,1,6
2,Chris Wood,11.0,nz NZL,FW,33-253,78,2,0,0,0,2,2,0,0,15,0,0,0,1.0,1.0,0.0,2,1,9,12,75.0,0,5,0,1,1,,,,,,,,,,,,,,,,,,,,,0,0,0.2,2.9000000000000004,1,6
3,Dan Ndoye,14.0,ch SUI,RW,24-296,78,1,0,0,0,1,1,0,0,21,0,0,0,0.1,0.1,0.0,0,0,6,13,46.2,0,15,2,0,0,,,,,,,,,,,,,,,,,,,,,0,3,0.0,2.9000000000000004,1,6
4,Elliot Anderson,8.0,eng ENG,"DM,AM",22-284,90,0,1,0,0,3,1,0,0,89,2,1,1,0.4,0.4,0.9,4,3,64,79,81.0,11,39,3,2,0,,,,,,,,,,,,,,,,,,,,,1,0,0.0,2.9000000000000004,1,6
5,Ibrahim Sangaré,6.0,ci CIV,DM,27-258,90,0,0,0,0,1,0,0,0,59,1,0,1,0.0,0.0,0.0,0,0,37,46,80.4,3,19,0,1,1,,,,,,,,,,,,,,,,,,,,,0,2,0.3,2.9000000000000004,1,6
6,Igor Jesus,19.0,br BRA,FW,24-173,12,0,0,0,0,0,0,0,0,5,0,0,0,0.0,0.0,0.0,0,0,2,3,66.7,0,1,0,0,0,,,,,,,,,,,,,,,,,,,,,1,3,0.0,2.9000000000000004,1,6
7,Jota Silva,20.0,pt POR,RW,26-016,12,0,0,0,0,0,0,0,0,7,2,0,0,0.0,0.0,0.0,0,0,2,3,66.7,0,2,0,0,0,,,,,,,,,,,,,,,,,,,,,0,8,0.3,2.9000000000000004,1,6
8,Matz Sels,26.0,be BEL,GK,33-172,90,0,0,0,0,0,0,0,0,30,0,0,0,0.0,0.0,0.0,0,0,18,28,64.3,0,13,0,0,0,3.0,1.0,2.0,100.0,1.5,2.0,11.0,18.2,22.0,4.0,40.9,40.5,6.0,33.3,34.2,11.0,0.0,0.0,2.0,24.3,6,4,0.0,2.9000000000000004,1,6
9,Morgan Gibbs-White,10.0,eng ENG,AM,25-202,83,0,1,0,0,3,0,0,0,66,1,0,2,0.4,0.4,0.2,5,1,45,56,80.4,11,34,2,3,2,,,,,,,,,,,,,,,,,,,,,2,2,0.1,2.9000000000000004,1,6
10,Murillo,5.0,br BRA,CB,23-044,90,0,0,0,0,0,0,0,0,53,0,1,1,0.0,0.0,0.0,1,0,38,47,80.9,4,25,0,1,1,,,,,,,,,,,,,,,,,,,,,4,6,0.0,2.9000000000000004,1,6
11,Neco Williams,3.0,wls WAL,LB,24-126,90,0,0,0,0,0,0,1,0,58,2,2,1,0.0,0.0,0.3,5,1,38,48,79.2,5,28,5,0,0,,,,,,,,,,,,,,,,,,,,,4,2,0.0,2.9000000000000004,1,6
12,Nikola Milenković,31.0,rs SRB,CB,27-309,90,0,0,0,0,0,0,0,0,33,1,2,1,0.0,0.0,0.0,0,0,19,25,76.0,0,10,0,0,0,,,,,,,,,,,,,,,,,,,,,7,8,0.0,2.9000000000000004,1,6
13,Ola Aina,34.0,ng NGA,RB,28-313,90,0,0,0,0,0,0,0,0,67,3,2,1,0.0,0.0,0.0,0,0,36,48,75.0,3,25,2,2,1,,,,,,,,,,,,,,,,,,,,,0,3,0.0,2.9000000000000004,1,6
14,Ryan Yates,22.0,eng ENG,DM,27-269,7,0,0,0,0,0,0,0,0,7,0,1,0,0.0,0.0,0.0,0,0,5,5,100.0,1,4,0,1,1,,,,,,,,,,,,,,,,,,,,,26,43,1.0,2.9000000000000004,1,6
0,15 Players,,,,,990,1,0,1,1,9,2,2,0,490,18,5,9,1.5,0.7,0.6,13,1,284,376,75.5,22,224,17,12,5,,,,,,,,,,,,,,,,,,,,,1,0,0.0,3.7,0,6
1,Aaron Hickey,2.0,sct SCO,LB,23-068,3,0,0,0,0,0,0,1,0,6,1,0,0,0.0,0.0,0.0,0,0,1,2,50.0,0,1,0,0,0,,,,,,,,,,,,,,,,,,,,,1,4,0.0,3.7,0,6
2,Antoni Milambo,17.0,nl NED,AM,20-136,45,0,0,0,0,0,0,0,0,18,2,0,1,0.0,0.0,0.0,1,0,8,11,72.7,3,6,1,0,0,,,,,,,,,,,,,,,,,,,,,4,2,0.0,3.7,0,6
3,Caoimhín Kelleher,1.0,ie IRL,GK,26-267,90,0,0,0,0,0,0,0,0,41,0,0,0,0.0,0.0,0.0,0,0,25,39,64.1,0,21,0,0,0,5.0,3.0,2.0,40.0,2.4,3.0,14.0,21.4,34.0,11.0,32.4,31.7,5.0,60.0,50.8,21.0,0.0,0.0,3.0,13.2,0,1,0.0,3.7,0,6
4,Fabio Carvalho,14.0,pt POR,"LW,RW,AM",22-352,90,0,0,0,0,1,0,0,0,27,3,0,1,0.0,0.0,0.0,2,1,12,16,75.0,2,12,3,2,0,,,,,,,,,,,,,,,,,,,,,0,2,0.0,3.7,0,6
5,Frank Onyeka,15.0,ng NGA,LM,27-228,22,0,0,0,0,0,0,0,0,9,0,0,0,0.0,0.0,0.0,0,0,4,6,66.7,0,5,1,1,0,,,,,,,,,,,,,,,,,,,,,1,3,0.0,3.7,0,6
6,Jordan Henderson,6.0,eng ENG,CM,35-061,22,0,0,0,0,0,0,0,0,19,0,0,0,0.0,0.0,0.0,0,0,11,18,61.1,1,9,0,1,0,,,,,,,,,,,,,,,,,,,,,2,1,0.0,3.7,0,6
7,Keane Lewis-Potter,23.0,eng ENG,RW,24-176,68,0,0,0,0,2,0,0,0,28,2,0,0,0.1,0.1,0.0,0,0,9,15,60.0,1,12,2,2,0,,,,,,,,,,,,,,,,,,,,,0,3,0.0,3.7,0,6
8,Kevin Schade,7.0,de GER,LW,23-263,45,0,0,0,0,0,0,0,0,17,2,1,0,0.0,0.0,0.0,1,0,7,9,77.8,0,6,1,1,0,,,,,,,,,,,,,,,,,,,,,0,9,0.0,3.7,0,6
9,Mathias Jensen,8.0,dk DEN,DM,29-228,68,0,0,0,0,1,0,0,0,38,2,0,2,0.1,0.1,0.1,2,0,21,28,75.0,3,13,0,0,0,,,,,,,,,,,,,,,,,,,,,1,2,0.0,3.7,0,6
10,Michael Kayode,33.0,it ITA,RB,21-038,90,0,0,0,0,0,0,0,0,51,2,1,0,0.0,0.0,0.2,2,0,35,43,81.4,2,20,1,2,2,,,,,,,,,,,,,,,,,,,,,1,0,0.0,3.7,0,6
11,Nathan Collins,22.0,ie IRL,CB,24-109,90,0,0,0,0,1,0,1,0,56,0,1,0,0.0,0.0,0.0,0,0,43,46,93.5,1,33,0,0,0,,,,,,,,,,,,,,,,,,,,,9,4,0.0,3.7,0,6
12,Rico Henry,3.0,eng ENG,LB,28-040,87,0,0,0,0,0,0,0,0,47,1,1,0,0.0,0.0,0.1,2,0,19,37,51.4,0,23,7,3,3,,,,,,,,,,,,,,,,,,,,,4,5,0.0,3.7,0,6
13,Sepp van den Berg,4.0,nl NED,CB,23-240,90,0,0,0,0,2,1,0,0,79,2,1,3,0.2,0.2,0.0,0,0,56,63,88.9,7,38,1,0,0,,,,,,,,,,,,,,,,,,,,,3,2,0.1,3.7,0,6
14,Thiago,9.0,br BRA,FW,24-052,90,1,0,1,1,1,0,0,0,19,1,0,0,0.9,0.1,0.1,1,0,10,13,76.9,1,5,0,0,0,,,,,,,,,,,,,,,,,,,,,1,3,0.0,3.7,0,6
15,Yehor Yarmoliuk,18.0,ua UKR,"DM,RM",21-169,90,0,0,0,0,1,1,0,0,35,0,0,2,0.1,0.1,0.0,2,0,23,30,76.7,1,20,0,0,0,,,,,,,,,,,,,,,,,,,,,28,41,0.3,3.7,0,6
0,15 Players,,,,,990,0,0,0,0,19,2,2,0,732,13,11,10,1.6,1.6,0.9,31,0,538,620,86.8,58,518,18,27,12,,,,,,,,,,,,,,,,,,,,,0,1,0.0,1.2,1,7
1,Andrey Santos,17.0,br BRA,DM,21-106,12,0,0,0,0,2,1,0,0,8,0,0,0,0.3,0.3,0.0,0,0,4,6,66.7,0,6,0,0,0,,,,,,,,,,,,,,,,,,,,,1,1,0.0,1.2,1,7
2,Cole Palmer,10.0,eng ENG,AM,23-103,90,0,0,0,0,4,0,0,0,45,1,0,0,0.2,0.2,0.0,5,0,26,37,70.3,5,33,6,3,1,,,,,,,,,,,,,,,,,,,,,1,1,0.1,1.2,1,7
3,Enzo Fernández,8.0,ar ARG,DM,24-212,78,0,0,0,0,0,0,0,0,42,0,0,1,0.0,0.0,0.0,2,0,31,38,81.6,5,33,2,0,0,,,,,,,,,,,,,,,,,,,,,1,2,0.4,1.2,1,7
4,Estêvão Willian,41.0,br BRA,RW,18-115,37,0,0,0,0,1,0,1,0,19,0,0,1,0.3,0.3,0.0,1,0,8,11,72.7,0,12,1,6,2,,,,,,,,,,,,,,,,,,,,,0,4,0.4,1.2,1,7
5,Jamie Gittens,11.0,eng ENG,LW,21-009,53,0,0,0,0,2,0,0,0,26,1,0,1,0.1,0.1,0.1,3,0,14,14,100.0,1,14,1,5,2,,,,,,,,,,,,,,,,,,,,,0,4,0.0,1.2,1,7
6,Joshua Acheampong,34.0,eng ENG,CB,19-104,90,0,0,0,0,1,0,0,0,102,2,1,0,0.1,0.1,0.0,0,0,87,93,93.5,3,80,0,3,2,,,,,,,,,,,,,,,,,,,,,1,1,0.0,1.2,1,7
7,João Pedro,20.0,br BRA,FW,23-325,72,0,0,0,0,2,0,0,0,22,0,0,0,0.3,0.3,0.0,3,0,11,13,84.6,3,18,1,2,0,,,,,,,,,,,,,,,,,,,,,0,0,0.1,1.2,1,7
8,Liam Delap,9.0,eng ENG,FW,22-190,18,0,0,0,0,1,1,0,0,9,0,0,0,0.0,0.0,0.0,1,0,3,5,60.0,2,6,1,0,0,,,,,,,,,,,,,,,,,,,,,0,0,0.0,1.2,1,7
9,Malo Gusto,27.0,fr FRA,RB,22-090,12,0,0,0,0,1,0,0,0,18,0,0,0,0.0,0.0,0.0,1,0,17,17,100.0,5,13,0,0,0,,,,,,,,,,,,,,,,,,,,,0,4,0.1,1.2,1,7
10,Marc Cucurella,3.0,es ESP,LB,27-026,90,0,0,0,0,2,0,0,0,59,2,1,1,0.1,0.1,0.2,1,0,47,52,90.4,5,35,1,0,0,,,,,,,,,,,,,,,,,,,,,7,3,0.0,1.2,1,7
11,Moisés Caicedo,25.0,ec ECU,DM,23-288,90,0,0,0,0,1,0,0,0,81,5,3,4,0.0,0.0,0.0,2,0,63,67,94.0,8,57,1,2,1,,,,,,,,,,,,,,,,,,,,,5,4,0.0,1.2,1,7
12,Pedro Neto,7.0,pt POR,"RW,LW",25-161,90,0,0,0,0,1,0,0,0,55,1,1,0,0.0,0.0,0.3,6,0,35,45,77.8,5,35,3,5,3,,,,,,,,,,,,,,,,,,,,,2,6,0.2,1.2,1,7
13,Reece James,24.0,eng ENG,RB,25-252,78,0,0,0,0,0,0,1,0,93,1,4,1,0.0,0.0,0.2,4,0,74,84,88.1,8,65,0,0,0,,,,,,,,,,,,,,,,,,,,,0,0,0.0,1.2,1,7
14,Robert Sánchez,1.0,es ESP,GK,27-272,90,0,0,0,0,0,0,0,0,39,0,0,0,0.0,0.0,0.0,1,0,26,36,72.2,0,26,0,0,0,4.0,0.0,4.0,100.0,0.3,2.0,11.0,18.2,30.0,2.0,30.0,30.9,6.0,33.3,33.3,10.0,0.0,0.0,1.0,15.8,0,3,0.0,1.2,1,7
15,Trevoh Chalobah,23.0,eng ENG,CB,26-043,90,0,0,0,0,1,0,0,0,114,0,1,1,0.1,0.1,0.0,1,0,92,102,90.2,8,85,1,1,1,,,,,,,,,,,,,,,,,,,,,18,34,1.3,1.2,1,7
0,13 Players,,,,,990,0,0,0,0,11,4,3,0,380,16,7,15,0.6,0.6,0.3,15,0,184,257,71.6,16,153,5,10,5,,,,,,,,,,,,,,,,,,,,,4,3,0.0,3.1,0,7
1,Adam Wharton,20.0,eng ENG,CM,21-076,90,0,0,0,0,0,0,0,0,29,0,0,3,0.0,0.0,0.3,2,0,16,22,72.7,4,14,1,2,2,,,,,,,,,,,,,,,,,,,,,1,5,0.0,3.1,0,7
2,Chris Richards,26.0,us USA,CB,25-142,90,0,0,0,0,1,0,0,0,32,2,1,2,0.1,0.1,0.0,1,0,19,21,90.5,0,15,0,0,0,,,,,,,,,,,,,,,,,,,,,1,0,0.0,3.1,0,7
3,Daniel Muñoz,2.0,co COL,WB,29-083,90,0,0,0,0,1,0,1,0,36,2,2,0,0.0,0.0,0.0,1,0,16,26,61.5,1,14,2,2,1,,,,,,,,,,,,,,,,,,,,,3,3,0.0,3.1,0,7
4,Dean Henderson,1.0,eng ENG,GK,28-158,90,0,0,0,0,0,0,0,0,32,0,0,0,0.0,0.0,0.0,1,0,21,30,70.0,0,16,0,0,0,2.0,0.0,2.0,100.0,0.7,8.0,16.0,50.0,17.0,2.0,52.9,43.6,13.0,53.8,40.7,19.0,0.0,0.0,1.0,12.0,3,3,0.0,3.1,0,7
5,Eberechi Eze,10.0,eng ENG,AM,27-049,83,0,0,0,0,6,2,0,0,37,1,0,1,0.2,0.2,0.0,3,0,16,25,64.0,1,18,0,4,2,,,,,,,,,,,,,,,,,,,,,1,2,0.0,3.1,0,7
6,Ismaila Sarr,7.0,sn SEN,AM,27-173,90,0,0,0,0,0,0,0,0,29,0,0,2,0.0,0.0,0.0,4,0,12,15,80.0,3,15,1,2,0,,,,,,,,,,,,,,,,,,,,,1,4,0.1,3.1,0,7
7,Jean-Philippe Mateta,14.0,fr FRA,FW,28-050,90,0,0,0,0,3,2,1,0,26,1,1,0,0.3,0.3,0.0,0,0,10,14,71.4,3,16,1,0,0,,,,,,,,,,,,,,,,,,,,,6,5,0.0,3.1,0,7
8,Jefferson Lerma,8.0,co COL,CM,30-296,21,0,0,0,0,0,0,0,0,9,0,0,0,0.0,0.0,0.0,0,0,3,6,50.0,0,2,0,0,0,,,,,,,,,,,,,,,,,,,,,4,2,0.0,3.1,0,7
9,Justin Devenny,55.0,nir NIR,AM,21-310,7,0,0,0,0,0,0,0,0,2,1,0,0,0.0,0.0,0.0,0,0,0,0,,0,1,0,0,0,,,,,,,,,,,,,,,,,,,,,5,1,0.0,3.1,0,7
10,Marc Guéhi,6.0,eng ENG,CB,25-035,90,0,0,0,0,0,0,0,0,27,1,0,0,0.0,0.0,0.0,1,0,16,20,80.0,1,11,0,0,0,,,,,,,,,,,,,,,,,,,,,8,2,0.0,3.1,0,7
11,Maxence Lacroix,5.0,fr FRA,CB,25-133,90,0,0,0,0,0,0,0,0,45,3,2,4,0.0,0.0,0.0,1,0,20,22,90.9,0,11,0,0,0,,,,,,,,,,,,,,,,,,,,,4,0,0.0,3.1,0,7
12,Tyrick Mitchell,3.0,eng ENG,WB,25-350,90,0,0,0,0,0,0,0,0,55,5,0,1,0.0,0.0,0.0,1,0,25,42,59.5,1,14,0,0,0,,,,,,,,,,,,,,,,,,,,,2,2,0.0,3.1,0,7
13,Will Hughes,19.0,eng ENG,CM,30-122,69,0,0,0,0,0,0,1,0,21,0,1,2,0.0,0.0,0.0,0,0,10,14,71.4,2,6,0,0,0,,,,,,,,,,,,,,,,,,,,,43,32,0.1,3.1,0,7
0,15 Players,,,,,990,0,0,0,0,22,7,1,0,625,22,4,9,1.5,1.5,1.1,42,0,418,514,81.3,48,372,31,14,9,,,,,,,,,,,,,,,,,,,,,0,2,0.1,2.5,1,8
1,Altay Bayındır,1.0,tr TUR,GK,27-125,90,0,0,0,0,0,0,0,0,50,0,0,0,0.0,0.0,0.0,1,0,38,48,79.2,0,40,0,0,0,3.0,1.0,2.0,66.7,1.2,5.0,15.0,33.3,46.0,3.0,30.4,32.0,2.0,50.0,38.5,8.0,2.0,25.0,1.0,9.5,0,2,0.2,2.5,1,8
2,Amad Diallo,16.0,ci CIV,WB,23-037,36,0,0,0,0,1,1,0,0,26,3,0,0,0.0,0.0,0.1,4,0,17,20,85.0,2,15,5,2,2,,,,,,,,,,,,,,,,,,,,,0,1,0.1,2.5,1,8
3,Benjamin Šeško,30.0,si SVN,FW,22-078,26,0,0,0,0,2,0,0,0,7,0,0,0,0.1,0.1,0.1,2,0,4,4,100.0,1,3,0,0,0,,,,,,,,,,,,,,,,,,,,,1,5,0.1,2.5,1,8
4,Bruno Fernandes,8.0,pt POR,CM,30-343,90,0,0,0,0,2,0,0,0,73,3,0,1,0.2,0.2,0.2,12,0,49,62,79.0,10,35,2,2,1,,,,,,,,,,,,,,,,,,,,,2,6,0.3,2.5,1,8
5,Bryan Mbeumo,19.0,cm CMR,AM,26-010,90,0,0,0,0,5,2,0,0,49,0,0,1,0.4,0.4,0.0,2,0,25,36,69.4,3,35,8,2,1,,,,,,,,,,,,,,,,,,,,,0,2,0.0,2.5,1,8
6,Casemiro,18.0,br BRA,CM,33-175,64,0,0,0,0,0,0,0,0,38,3,0,2,0.0,0.0,0.1,2,0,25,33,75.8,4,19,0,0,0,,,,,,,,,,,,,,,,,,,,,0,1,0.0,2.5,1,8
7,Diogo Dalot,2.0,pt POR,WB,26-152,54,0,0,0,0,0,0,0,0,24,1,0,0,0.0,0.0,0.1,1,0,19,21,90.5,1,12,0,0,0,,,,,,,,,,,,,,,,,,,,,0,2,0.0,2.5,1,8
8,Harry Maguire,5.0,eng ENG,CB,32-165,11,0,0,0,0,0,0,0,0,10,0,0,0,0.0,0.0,0.0,0,0,5,7,71.4,0,4,0,0,0,,,,,,,,,,,,,,,,,,,,,3,2,0.1,2.5,1,8
9,Leny Yoro,15.0,fr FRA,CB,19-277,90,0,0,0,0,0,0,0,0,80,1,4,0,0.0,0.0,0.0,3,0,59,65,90.8,2,50,1,0,0,,,,,,,,,,,,,,,,,,,,,0,1,0.0,2.5,1,8
10,Luke Shaw,23.0,eng ENG,CB,30-036,79,0,0,0,0,0,0,0,0,63,3,0,1,0.0,0.0,0.1,1,0,45,58,77.6,5,42,2,0,0,,,,,,,,,,,,,,,,,,,,,1,5,0.0,2.5,1,8
11,Manuel Ugarte Ribeiro,25.0,uy URU,CM,24-128,26,0,0,0,0,1,0,0,0,21,0,0,0,0.0,0.0,0.0,1,0,17,19,89.5,6,15,2,0,0,,,,,,,,,,,,,,,,,,,,,3,0,0.0,2.5,1,8
12,Mason Mount,7.0,eng ENG,AM,26-219,64,0,0,0,0,2,0,0,0,32,1,0,0,0.1,0.1,0.1,2,0,20,27,74.1,5,14,2,0,0,,,,,,,,,,,,,,,,,,,,,6,4,0.1,2.5,1,8
13,Matheus Cunha,10.0,br BRA,"FW,AM",26-082,90,0,0,0,0,4,3,0,0,24,1,0,0,0.4,0.4,0.0,7,0,14,16,87.5,3,21,5,6,4,,,,,,,,,,,,,,,,,,,,,6,4,0.0,2.5,1,8
14,Matthijs de Ligt,4.0,nl NED,CB,26-005,90,0,0,0,0,3,1,0,0,73,2,0,3,0.2,0.2,0.2,2,0,50,58,86.2,4,38,1,0,0,,,,,,,,,,,,,,,,,,,,,1,2,0.0,2.5,1,8
15,Patrick Dorgu,13.0,dk DEN,WB,20-295,90,0,0,0,0,2,0,1,0,55,4,0,1,0.0,0.0,0.0,2,0,31,40,77.5,2,29,3,2,1,,,,,,,,,,,,,,,,,,,,,23,39,0.9,2.5,1,8
0,16 Players,,,,,990,1,0,0,0,9,3,4,0,464,18,4,12,1.3,1.3,0.3,14,2,239,331,72.2,24,232,12,28,9,,,,,,,,,,,,,,,,,,,,,1,1,0.1,2.9,0,8
1,Ben White,4.0,eng ENG,RB,27-313,70,0,0,0,0,1,0,0,0,38,2,1,2,0.0,0.0,0.0,2,0,21,27,77.8,4,13,1,1,1,,,,,,,,,,,,,,,,,,,,,1,2,0.0,2.9,0,8
2,Bukayo Saka,7.0,eng ENG,RW,23-346,90,0,0,0,0,1,0,0,0,36,3,0,1,0.1,0.1,0.0,2,0,16,21,76.2,2,20,2,8,3,,,,,,,,,,,,,,,,,,,,,0,3,0.0,2.9,0,8
3,David Raya,1.0,es ESP,GK,29-336,90,0,0,0,0,0,0,1,0,39,0,0,0,0.0,0.0,0.0,0,0,22,37,59.5,0,23,0,0,0,7.0,0.0,7.0,100.0,0.7,5.0,20.0,25.0,28.0,9.0,39.3,34.4,9.0,100.0,64.8,11.0,2.0,18.2,0.0,9.2,0,0,0.0,2.9,0,8
4,Declan Rice,41.0,eng ENG,LM,26-215,82,0,0,0,0,3,0,0,0,32,0,0,1,0.1,0.1,0.0,0,0,20,27,74.1,2,22,2,0,0,,,,,,,,,,,,,,,,,,,,,0,2,0.1,2.9,0,8
5,Gabriel Magalhães,6.0,br BRA,CB,27-241,90,0,0,0,0,0,0,0,0,38,1,0,3,0.0,0.0,0.0,0,0,19,27,70.4,1,17,0,1,0,,,,,,,,,,,,,,,,,,,,,0,3,0.0,2.9,0,8
6,Gabriel Martinelli,11.0,br BRA,LW,24-060,59,0,0,0,0,1,1,0,0,12,1,0,0,0.0,0.0,0.0,1,0,3,6,50.0,1,8,1,1,0,,,,,,,,,,,,,,,,,,,,,1,0,0.0,2.9,0,8
7,Jurriën Timber,12.0,nl NED,RB,24-061,20,0,0,0,0,0,0,1,0,17,2,0,0,0.0,0.0,0.0,0,0,2,7,28.6,0,7,0,4,0,,,,,,,,,,,,,,,,,,,,,2,5,0.0,2.9,0,8
8,Kai Havertz,29.0,de GER,FW,26-067,31,0,0,0,0,0,0,0,0,16,0,0,0,0.0,0.0,0.0,3,0,5,9,55.6,2,11,1,4,1,,,,,,,,,,,,,,,,,,,,,5,7,0.3,2.9,0,8
9,Martin Ødegaard,8.0,no NOR,RM,26-243,90,0,0,0,0,2,1,0,0,60,1,1,0,0.1,0.1,0.1,4,1,31,45,68.9,6,31,4,5,3,,,,,,,,,,,,,,,,,,,,,3,5,0.0,2.9,0,8
10,Martín Zubimendi,36.0,es ESP,CM,26-196,90,0,0,0,0,0,0,0,0,55,3,1,3,0.0,0.0,0.0,0,0,39,45,86.7,2,26,0,0,0,,,,,,,,,,,,,,,,,,,,,1,0,0.0,2.9,0,8
11,Mikel Merino,23.0,es ESP,LM,29-056,8,0,0,0,0,0,0,0,0,6,0,0,0,0.0,0.0,0.0,0,0,2,4,50.0,0,2,0,0,0,,,,,,,,,,,,,,,,,,,,,3,1,0.0,2.9,0,8
12,Myles Lewis-Skelly,49.0,eng ENG,LB,18-325,19,0,0,0,0,0,0,1,0,5,0,0,0,0.0,0.0,0.0,0,0,1,3,33.3,0,1,0,0,0,,,,,,,,,,,,,,,,,,,,,7,3,0.0,2.9,0,8
13,Noni Madueke,20.0,eng ENG,LW,23-160,31,0,0,0,0,0,0,0,0,13,0,0,0,0.0,0.0,0.0,1,0,7,8,87.5,1,7,0,2,0,,,,,,,,,,,,,,,,,,,,,4,4,0.0,2.9,0,8
14,Riccardo Calafiori,33.0,it ITA,LB,23-090,71,1,0,0,0,1,1,1,0,35,1,0,0,0.9,0.9,0.0,1,1,24,28,85.7,2,14,0,0,0,,,,,,,,,,,,,,,,,,,,,1,1,0.0,2.9,0,8
15,Viktor Gyökeres,14.0,se SWE,FW,27-074,59,0,0,0,0,0,0,0,0,19,0,0,0,0.0,0.0,0.0,0,0,5,11,45.5,0,9,0,1,0,,,,,,,,,,,,,,,,,,,,,0,2,0.0,2.9,0,8
16,William Saliba,2.0,fr FRA,CB,24-146,90,0,0,0,0,0,0,0,0,43,4,1,2,0.0,0.0,0.0,0,0,22,26,84.6,1,21,1,1,1,,,,,,,,,,,,,,,,,,,,,29,39,0.5,2.9,0,8
0,16 Players,,,,,990,1,0,1,1,20,2,0,0,648,15,9,9,2.1,1.3,1.0,32,1,427,534,80.0,44,321,17,21,6,,,,,,,,,,,,,,,,,,,,,0,3,0.0,1.5,1,9
1,Anton Stach,18.0,de GER,LM,26-276,90,0,0,0,0,4,1,0,0,83,2,1,2,0.3,0.3,0.4,10,1,51,65,78.5,12,31,4,4,1,,,,,,,,,,,,,,,,,,,,,1,2,0.0,1.5,1,9
2,Ao Tanaka,22.0,jp JPN,RM,26-342,89,0,0,0,0,2,0,0,0,54,0,1,1,0.1,0.1,0.1,5,0,42,48,87.5,6,30,1,2,0,,,,,,,,,,,,,,,,,,,,,0,1,0.0,1.5,1,9
3,Brenden Aaronson,11.0,us USA,LW,24-300,24,0,0,0,0,0,0,0,0,12,2,0,1,0.0,0.0,0.2,3,0,7,7,100.0,0,5,0,0,0,,,,,,,,,,,,,,,,,,,,,0,0,0.2,1.5,1,9
4,Daniel James,7.0,wls WAL,RW,27-281,77,0,0,0,0,2,0,0,0,31,0,0,1,0.1,0.1,0.2,2,0,10,22,45.5,2,10,1,2,0,,,,,,,,,,,,,,,,,,,,,1,1,0.1,1.5,1,9
5,Ethan Ampadu,4.0,wls WAL,CM,24-338,77,0,0,0,0,0,0,0,0,71,3,1,0,0.0,0.0,0.0,1,0,51,66,77.3,3,28,0,0,0,,,,,,,,,,,,,,,,,,,,,0,0,0.0,1.5,1,9
6,Gabriel Gudmundsson,3.0,se SWE,LB,26-111,90,0,0,0,0,3,0,0,0,74,1,2,1,0.2,0.2,0.1,4,0,46,60,76.7,5,40,6,6,4,,,,,,,,,,,,,,,,,,,,,5,3,0.3,1.5,1,9
7,Ilia Gruev,44.0,bg BUL,CM,25-104,13,0,0,0,0,0,0,0,0,6,0,0,0,0.0,0.0,0.0,0,0,4,5,80.0,1,2,0,0,0,,,,,,,,,,,,,,,,,,,,,0,2,0.0,1.5,1,9
8,Jack Harrison,20.0,eng ENG,RW,28-271,13,0,0,0,0,0,0,0,0,10,1,0,0,0.0,0.0,0.0,1,0,5,9,55.6,1,6,2,0,0,,,,,,,,,,,,,,,,,,,,,1,0,0.0,1.5,1,9
9,Jayden Bogle,2.0,eng ENG,RB,25-022,90,0,0,0,0,1,0,0,0,44,2,0,1,0.0,0.0,0.0,1,0,26,36,72.2,4,17,1,1,1,,,,,,,,,,,,,,,,,,,,,0,5,0.0,1.5,1,9
10,Joe Rodon,6.0,wls WAL,CB,27-300,90,0,0,0,0,0,0,0,0,64,0,2,0,0.0,0.0,0.0,0,0,48,55,87.3,3,36,0,0,0,,,,,,,,,,,,,,,,,,,,,0,0,0.0,1.5,1,9
11,Joël Piroe,10.0,nl NED,FW,26-016,77,0,0,0,0,3,1,0,0,26,0,0,0,0.3,0.3,0.0,1,0,15,18,83.3,1,8,0,0,0,,,,,,,,,,,,,,,,,,,,,4,6,0.1,1.5,1,9
12,Lucas Perri,1.0,br BRA,GK,27-251,90,0,0,0,0,0,0,0,0,33,0,0,0,0.0,0.0,0.0,0,0,20,32,62.5,0,23,0,0,0,1.0,0.0,1.0,100.0,0.1,3.0,14.0,21.4,30.0,3.0,40.0,36.9,2.0,100.0,57.0,10.0,1.0,10.0,0.0,9.6,8,5,0.0,1.5,1,9
13,Lukas Nmecha,14.0,de GER,FW,26-247,13,1,0,1,1,1,0,0,0,8,0,0,0,0.8,0.1,0.0,2,0,4,5,80.0,0,4,0,0,0,,,,,,,,,,,,,,,,,,,,,6,2,0.0,1.5,1,9
14,Pascal Struijk,5.0,nl NED,CB,26-007,90,0,0,0,0,1,0,0,0,80,0,0,0,0.1,0.1,0.0,2,0,69,70,98.6,4,52,0,0,0,,,,,,,,,,,,,,,,,,,,,2,3,0.0,1.5,1,9
15,Sean Longstaff,8.0,eng ENG,RM,27-292,1,0,0,0,0,0,0,0,0,2,0,0,0,0.0,0.0,0.0,0,0,1,1,100.0,0,0,0,0,0,,,,,,,,,,,,,,,,,,,,,0,2,0.0,1.5,1,9
16,Wilfried Gnonto,29.0,it ITA,LW,21-286,66,0,0,0,0,3,0,0,0,50,4,2,2,0.1,0.1,0.0,0,0,28,35,80.0,2,29,2,6,0,,,,,,,,,,,,,,,,,,,,,28,35,0.8,1.5,1,9
0,13 Players,,,,,990,0,0,0,0,7,1,2,0,582,16,2,17,0.8,0.8,0.3,13,0,349,450,77.6,28,277,9,24,6,,,,,,,,,,,,,,,,,,,,,2,1,0.0,4.1,0,9
1,Beto,9.0,gw GNB,FW,27-199,90,0,0,0,0,1,0,0,0,22,1,0,1,0.1,0.1,0.0,2,0,5,9,55.6,0,6,0,1,0,,,,,,,,,,,,,,,,,,,,,0,6,0.0,4.1,0,9
2,Carlos Alcaraz,24.0,ar ARG,"RW,AM",22-261,85,0,0,0,0,1,1,1,0,38,1,0,2,0.0,0.0,0.0,3,0,20,25,80.0,1,15,1,2,2,,,,,,,,,,,,,,,,,,,,,0,4,0.0,4.1,0,9
3,Idrissa Gana Gueye,27.0,sn SEN,DM,35-326,90,0,0,0,0,1,0,0,0,58,1,0,1,0.0,0.0,0.1,1,0,42,50,84.0,6,32,0,1,0,,,,,,,,,,,,,,,,,,,,,0,0,0.0,4.1,0,9
4,Iliman Ndiaye,10.0,sn SEN,"LW,RW",25-165,90,0,0,0,0,0,0,0,0,32,2,0,2,0.0,0.0,0.0,2,0,16,21,76.2,0,15,0,5,1,,,,,,,,,,,,,,,,,,,,,2,2,0.2,4.1,0,9
5,Jack Grealish,18.0,eng ENG,LW,29-342,20,0,0,0,0,1,0,0,0,15,0,0,1,0.0,0.0,0.0,1,0,9,11,81.8,2,11,2,2,0,,,,,,,,,,,,,,,,,,,,,1,3,0.1,4.1,0,9
6,Jake O'Brien,15.0,ie IRL,RB,24-095,90,0,0,0,0,1,0,0,0,57,2,0,1,0.2,0.2,0.0,0,0,23,43,53.5,2,12,0,3,0,,,,,,,,,,,,,,,,,,,,,2,3,0.0,4.1,0,9
7,James Garner,37.0,eng ENG,LB,24-158,90,0,0,0,0,1,0,0,0,71,2,1,3,0.0,0.0,0.0,1,0,50,60,83.3,6,39,1,2,0,,,,,,,,,,,,,,,,,,,,,0,1,0.0,4.1,0,9
8,James Tarkowski,6.0,eng ENG,CB,32-272,90,0,0,0,0,1,0,0,0,81,2,1,3,0.4,0.4,0.0,0,0,50,62,80.6,7,50,3,3,1,,,,,,,,,,,,,,,,,,,,,2,2,0.0,4.1,0,9
9,Jordan Pickford,1.0,eng ENG,GK,31-164,90,0,0,0,0,0,0,0,0,64,0,0,0,0.0,0.0,0.0,0,0,43,59,72.9,0,32,0,0,0,3.0,1.0,2.0,100.0,1.1,9.0,25.0,36.0,46.0,5.0,39.1,33.3,13.0,53.8,42.4,20.0,1.0,5.0,2.0,14.7,8,3,0.0,4.1,0,9
10,Kiernan Dewsbury-Hall,22.0,eng ENG,"AM,DM",26-346,90,0,0,0,0,0,0,0,0,42,2,0,0,0.0,0.0,0.2,3,0,27,35,77.1,2,18,2,2,1,,,,,,,,,,,,,,,,,,,,,9,1,0.0,4.1,0,9
11,Michael Keane,5.0,eng ENG,CB,32-219,90,0,0,0,0,0,0,0,0,69,0,0,1,0.0,0.0,0.0,0,0,49,56,87.5,1,36,0,1,1,,,,,,,,,,,,,,,,,,,,,4,4,0.0,4.1,0,9
12,Thierno Barry,11.0,fr FRA,AM,22-301,5,0,0,0,0,0,0,0,0,4,0,0,0,0.0,0.0,0.0,0,0,1,2,50.0,0,1,0,0,0,,,,,,,,,,,,,,,,,,,,,2,1,0.0,4.1,0,9
13,Tim Iroegbunam,42.0,eng ENG,DM,22-049,70,0,0,0,0,0,0,1,0,29,3,0,2,0.0,0.0,0.0,0,0,14,17,82.4,1,10,0,2,0,,,,,,,,,,,,,,,,,,,,,32,31,0.4,4.1,0,9
