Wk,Day,Date,Time,Home,Away,xG,xG.1,Score,season,game_id
1.0,Fri,2017-08-11,19:45,Arsenal,Leicester City,2.5,1.5,4–3,2017-2018,0
1.0,Sat,2017-08-12,12:30,Watford,Liverpool,2.1,2.6,3–3,2017-2018,1
1.0,Sat,2017-08-12,15:00,Everton,Stoke City,0.6,0.4,1–0,2017-2018,2
1.0,Sat,2017-08-12,15:00,Chelsea,Burnley,1.5,0.6,2–3,2017-2018,3
1.0,Sat,2017-08-12,15:00,Crystal Palace,Huddersfield,1.1,1.5,0–3,2017-2018,4
1.0,Sat,2017-08-12,15:00,West Brom,Bournemouth,1.3,0.5,1–0,2017-2018,5
1.0,Sat,2017-08-12,15:00,Southampton,Swansea City,2.0,0.3,0–0,2017-2018,6
1.0,Sat,2017-08-12,17:30,Brighton,Manchester City,0.3,1.9,0–2,2017-2018,7
1.0,Sun,2017-08-13,13:30,Newcastle Utd,Tottenham,0.8,2.5,0–2,2017-2018,8
1.0,Sun,2017-08-13,16:00,Manchester Utd,West Ham,2.1,0.5,4–0,2017-2018,9
2.0,Sat,2017-08-19,12:30,Swansea City,Manchester Utd,0.4,3.0,0–4,2017-2018,10
2.0,Sat,2017-08-19,15:00,Bournemouth,Watford,1.0,2.4,0–2,2017-2018,11
2.0,Sat,2017-08-19,15:00,Burnley,West Brom,1.3,0.9,0–1,2017-2018,12
2.0,Sat,2017-08-19,15:00,Southampton,West Ham,2.1,2.0,3–2,2017-2018,13
2.0,Sat,2017-08-19,15:00,Leicester City,Brighton,2.0,0.2,2–0,2017-2018,14
2.0,Sat,2017-08-19,15:00,Liverpool,Crystal Palace,2.5,0.7,1–0,2017-2018,15
2.0,Sat,2017-08-19,17:30,Stoke City,Arsenal,0.7,1.5,1–0,2017-2018,16
2.0,Sun,2017-08-20,13:30,Huddersfield,Newcastle Utd,0.3,0.7,1–0,2017-2018,17
2.0,Sun,2017-08-20,16:00,Tottenham,Chelsea,0.7,0.7,1–2,2017-2018,18
2.0,Mon,2017-08-21,20:00,Manchester City,Everton,1.1,0.6,1–1,2017-2018,19
3.0,Sat,2017-08-26,12:30,Bournemouth,Manchester City,0.5,1.4,1–2,2017-2018,20
3.0,Sat,2017-08-26,15:00,Newcastle Utd,West Ham,2.3,0.6,3–0,2017-2018,21
3.0,Sat,2017-08-26,15:00,Watford,Brighton,0.3,1.1,0–0,2017-2018,22
3.0,Sat,2017-08-26,15:00,Huddersfield,Southampton,1.4,0.7,0–0,2017-2018,23
3.0,Sat,2017-08-26,15:00,Crystal Palace,Swansea City,0.9,0.7,0–2,2017-2018,24
3.0,Sat,2017-08-26,17:30,Manchester Utd,Leicester City,2.8,0.9,2–0,2017-2018,25
3.0,Sun,2017-08-27,13:30,West Brom,Stoke City,0.8,1.3,1–1,2017-2018,26
3.0,Sun,2017-08-27,13:30,Chelsea,Everton,1.0,0.4,2–0,2017-2018,27
3.0,Sun,2017-08-27,16:00,Tottenham,Burnley,2.3,0.9,1–1,2017-2018,28
3.0,Sun,2017-08-27,16:00,Liverpool,Arsenal,3.1,0.6,4–0,2017-2018,29
4.0,Sat,2017-09-09,12:30,Manchester City,Liverpool,2.4,0.7,5–0,2017-2018,30
4.0,Sat,2017-09-09,15:00,Arsenal,Bournemouth,2.2,0.6,3–0,2017-2018,31
4.0,Sat,2017-09-09,15:00,Southampton,Watford,0.3,0.7,0–2,2017-2018,32
4.0,Sat,2017-09-09,15:00,Leicester City,Chelsea,1.4,0.8,1–2,2017-2018,33
4.0,Sat,2017-09-09,15:00,Brighton,West Brom,0.4,1.0,3–1,2017-2018,34
4.0,Sat,2017-09-09,15:00,Everton,Tottenham,0.9,1.8,0–3,2017-2018,35
4.0,Sat,2017-09-09,17:30,Stoke City,Manchester Utd,1.2,2.1,2–2,2017-2018,36
4.0,Sun,2017-09-10,13:30,Burnley,Crystal Palace,0.3,2.0,1–0,2017-2018,37
4.0,Sun,2017-09-10,16:00,Swansea City,Newcastle Utd,1.2,1.0,0–1,2017-2018,38
4.0,Mon,2017-09-11,20:00,West Ham,Huddersfield,1.7,0.4,2–0,2017-2018,39
5.0,Fri,2017-09-15,20:00,Bournemouth,Brighton,1.2,0.9,2–1,2017-2018,40
5.0,Sat,2017-09-16,12:30,Crystal Palace,Southampton,2.0,1.0,0–1,2017-2018,41
5.0,Sat,2017-09-16,15:00,Newcastle Utd,Stoke City,2.0,0.7,2–1,2017-2018,42
5.0,Sat,2017-09-16,15:00,Liverpool,Burnley,2.2,0.2,1–1,2017-2018,43
5.0,Sat,2017-09-16,15:00,Watford,Manchester City,0.5,3.3,0–6,2017-2018,44
5.0,Sat,2017-09-16,15:00,West Brom,West Ham,0.7,0.3,0–0,2017-2018,45
5.0,Sat,2017-09-16,15:00,Huddersfield,Leicester City,0.7,1.3,1–1,2017-2018,46
5.0,Sat,2017-09-16,17:30,Tottenham,Swansea City,1.1,0.2,0–0,2017-2018,47
5.0,Sun,2017-09-17,13:30,Chelsea,Arsenal,0.8,1.4,0–0,2017-2018,48
5.0,Sun,2017-09-17,16:00,Manchester Utd,Everton,2.9,1.1,4–0,2017-2018,49
6.0,Sat,2017-09-23,12:30,West Ham,Tottenham,0.6,1.2,2–3,2017-2018,50
6.0,Sat,2017-09-23,15:00,Everton,Bournemouth,2.0,0.3,2–1,2017-2018,51
6.0,Sat,2017-09-23,15:00,Southampton,Manchester Utd,1.0,1.2,0–1,2017-2018,52
6.0,Sat,2017-09-23,15:00,Stoke City,Chelsea,0.8,1.4,0–4,2017-2018,53
6.0,Sat,2017-09-23,15:00,Burnley,Huddersfield,0.3,0.3,0–0,2017-2018,54
6.0,Sat,2017-09-23,15:00,Manchester City,Crystal Palace,4.5,0.6,5–0,2017-2018,55
6.0,Sat,2017-09-23,15:00,Swansea City,Watford,1.7,1.2,1–2,2017-2018,56
6.0,Sat,2017-09-23,17:30,Leicester City,Liverpool,2.8,1.7,2–3,2017-2018,57
6.0,Sun,2017-09-24,16:00,Brighton,Newcastle Utd,1.0,1.5,1–0,2017-2018,58
6.0,Mon,2017-09-25,20:00,Arsenal,West Brom,2.2,0.9,2–0,2017-2018,59
7.0,Sat,2017-09-30,12:30,Huddersfield,Tottenham,0.2,1.5,0–4,2017-2018,60
7.0,Sat,2017-09-30,15:00,Manchester Utd,Crystal Palace,2.8,0.4,4–0,2017-2018,61
7.0,Sat,2017-09-30,15:00,West Ham,Swansea City,0.7,0.2,1–0,2017-2018,62
7.0,Sat,2017-09-30,15:00,West Brom,Watford,1.9,1.4,2–2,2017-2018,63
7.0,Sat,2017-09-30,15:00,Stoke City,Southampton,2.4,1.4,2–1,2017-2018,64
7.0,Sat,2017-09-30,15:00,Bournemouth,Leicester City,1.4,0.6,0–0,2017-2018,65
7.0,Sat,2017-09-30,17:30,Chelsea,Manchester City,0.5,0.9,0–1,2017-2018,66
7.0,Sun,2017-10-01,12:00,Arsenal,Brighton,2.4,0.4,2–0,2017-2018,67
7.0,Sun,2017-10-01,14:15,Everton,Burnley,1.1,0.4,0–1,2017-2018,68
7.0,Sun,2017-10-01,16:30,Newcastle Utd,Liverpool,0.3,1.3,1–1,2017-2018,69
8.0,Sat,2017-10-14,12:30,Liverpool,Manchester Utd,1.5,0.2,0–0,2017-2018,70
8.0,Sat,2017-10-14,15:00,Burnley,West Ham,1.2,0.9,1–1,2017-2018,71
8.0,Sat,2017-10-14,15:00,Crystal Palace,Chelsea,1.7,0.8,2–1,2017-2018,72
8.0,Sat,2017-10-14,15:00,Tottenham,Bournemouth,1.8,0.2,1–0,2017-2018,73
8.0,Sat,2017-10-14,15:00,Manchester City,Stoke City,3.8,0.5,7–2,2017-2018,74
8.0,Sat,2017-10-14,15:00,Swansea City,Huddersfield,1.5,0.7,2–0,2017-2018,75
8.0,Sat,2017-10-14,17:30,Watford,Arsenal,1.6,1.0,2–1,2017-2018,76
8.0,Sun,2017-10-15,13:30,Brighton,Everton,1.0,1.5,1–1,2017-2018,77
8.0,Sun,2017-10-15,16:00,Southampton,Newcastle Utd,1.5,1.2,2–2,2017-2018,78
8.0,Mon,2017-10-16,20:00,Leicester City,West Brom,1.3,0.2,1–1,2017-2018,79
9.0,Fri,2017-10-20,20:00,West Ham,Brighton,0.7,1.4,0–3,2017-2018,80
9.0,Sat,2017-10-21,12:30,Chelsea,Watford,1.9,1.9,4–2,2017-2018,81
9.0,Sat,2017-10-21,15:00,Stoke City,Bournemouth,1.2,1.1,1–2,2017-2018,82
9.0,Sat,2017-10-21,15:00,Swansea City,Leicester City,0.8,1.9,1–2,2017-2018,83
9.0,Sat,2017-10-21,15:00,Manchester City,Burnley,3.1,0.2,3–0,2017-2018,84
9.0,Sat,2017-10-21,15:00,Huddersfield,Manchester Utd,1.2,0.8,2–1,2017-2018,85
9.0,Sat,2017-10-21,15:00,Newcastle Utd,Crystal Palace,0.3,0.5,1–0,2017-2018,86
9.0,Sat,2017-10-21,17:30,Southampton,West Brom,2.0,0.4,1–0,2017-2018,87
9.0,Sun,2017-10-22,13:30,Everton,Arsenal,1.0,3.5,2–5,2017-2018,88
9.0,Sun,2017-10-22,16:00,Tottenham,Liverpool,2.0,0.6,4–1,2017-2018,89
10.0,Sat,2017-10-28,12:30,Manchester Utd,Tottenham,0.8,1.2,1–0,2017-2018,90
10.0,Sat,2017-10-28,15:00,Arsenal,Swansea City,2.0,0.9,2–1,2017-2018,91
10.0,Sat,2017-10-28,15:00,Watford,Stoke City,1.2,1.1,0–1,2017-2018,92
10.0,Sat,2017-10-28,15:00,West Brom,Manchester City,1.5,2.3,2–3,2017-2018,93
10.0,Sat,2017-10-28,15:00,Liverpool,Huddersfield,2.1,0.1,3–0,2017-2018,94
10.0,Sat,2017-10-28,15:00,Crystal Palace,West Ham,2.6,0.8,2–2,2017-2018,95
10.0,Sat,2017-10-28,17:30,Bournemouth,Chelsea,0.5,1.6,0–1,2017-2018,96
10.0,Sun,2017-10-29,13:30,Brighton,Southampton,1.2,0.3,1–1,2017-2018,97
10.0,Sun,2017-10-29,16:00,Leicester City,Everton,1.3,0.6,2–0,2017-2018,98
10.0,Mon,2017-10-30,20:00,Burnley,Newcastle Utd,0.9,0.5,1–0,2017-2018,99
11.0,Sat,2017-11-04,12:30,Stoke City,Leicester City,1.0,1.5,2–2,2017-2018,100
11.0,Sat,2017-11-04,15:00,Newcastle Utd,Bournemouth,0.7,1.5,0–1,2017-2018,101
11.0,Sat,2017-11-04,15:00,Huddersfield,West Brom,0.3,0.4,1–0,2017-2018,102
11.0,Sat,2017-11-04,15:00,Southampton,Burnley,0.7,0.2,0–1,2017-2018,103
11.0,Sat,2017-11-04,15:00,Swansea City,Brighton,1.3,0.9,0–1,2017-2018,104
11.0,Sat,2017-11-04,17:30,West Ham,Liverpool,1.2,2.7,1–4,2017-2018,105
11.0,Sun,2017-11-05,12:00,Tottenham,Crystal Palace,0.9,0.8,1–0,2017-2018,106
11.0,Sun,2017-11-05,14:15,Manchester City,Arsenal,1.8,0.3,3–1,2017-2018,107
11.0,Sun,2017-11-05,16:30,Everton,Watford,2.1,2.0,3–2,2017-2018,108
11.0,Sun,2017-11-05,16:30,Chelsea,Manchester Utd,1.6,0.7,1–0,2017-2018,109
12.0,Sat,2017-11-18,12:30,Arsenal,Tottenham,2.1,0.7,2–0,2017-2018,110
12.0,Sat,2017-11-18,15:00,West Brom,Chelsea,0.8,1.6,0–4,2017-2018,111
12.0,Sat,2017-11-18,15:00,Burnley,Swansea City,1.6,0.6,2–0,2017-2018,112
12.0,Sat,2017-11-18,15:00,Liverpool,Southampton,2.0,0.4,3–0,2017-2018,113
12.0,Sat,2017-11-18,15:00,Crystal Palace,Everton,2.0,1.8,2–2,2017-2018,114
12.0,Sat,2017-11-18,15:00,Leicester City,Manchester City,0.2,1.9,0–2,2017-2018,115
12.0,Sat,2017-11-18,15:00,Bournemouth,Huddersfield,0.7,1.2,4–0,2017-2018,116
12.0,Sat,2017-11-18,17:30,Manchester Utd,Newcastle Utd,3.1,1.1,4–1,2017-2018,117
12.0,Sun,2017-11-19,16:00,Watford,West Ham,1.0,1.6,2–0,2017-2018,118
12.0,Mon,2017-11-20,20:00,Brighton,Stoke City,0.5,1.0,2–2,2017-2018,119
13.0,Fri,2017-11-24,20:00,West Ham,Leicester City,0.9,0.4,1–1,2017-2018,120
13.0,Sat,2017-11-25,15:00,Newcastle Utd,Watford,0.9,2.0,0–3,2017-2018,121
13.0,Sat,2017-11-25,15:00,Tottenham,West Brom,1.8,0.7,1–1,2017-2018,122
13.0,Sat,2017-11-25,15:00,Manchester Utd,Brighton,1.2,0.5,1–0,2017-2018,123
13.0,Sat,2017-11-25,15:00,Crystal Palace,Stoke City,1.4,0.7,2–1,2017-2018,124
13.0,Sat,2017-11-25,15:00,Swansea City,Bournemouth,0.9,0.4,0–0,2017-2018,125
13.0,Sat,2017-11-25,17:30,Liverpool,Chelsea,1.2,0.8,1–1,2017-2018,126
13.0,Sun,2017-11-26,13:30,Southampton,Everton,2.0,0.2,4–1,2017-2018,127
13.0,Sun,2017-11-26,14:00,Burnley,Arsenal,0.4,1.8,0–1,2017-2018,128
13.0,Sun,2017-11-26,16:00,Huddersfield,Manchester City,0.6,2.6,1–2,2017-2018,129
14.0,Tue,2017-11-28,19:45,Brighton,Crystal Palace,0.6,0.5,0–0,2017-2018,130
14.0,Tue,2017-11-28,19:45,Leicester City,Tottenham,0.6,2.4,2–1,2017-2018,131
14.0,Tue,2017-11-28,20:00,Watford,Manchester Utd,1.4,1.2,2–4,2017-2018,132
14.0,Tue,2017-11-28,20:00,West Brom,Newcastle Utd,1.5,0.9,2–2,2017-2018,133
14.0,Wed,2017-11-29,19:45,Bournemouth,Burnley,1.2,1.1,1–2,2017-2018,134
14.0,Wed,2017-11-29,19:45,Arsenal,Huddersfield,4.0,0.5,5–0,2017-2018,135
14.0,Wed,2017-11-29,19:45,Chelsea,Swansea City,1.5,0.1,1–0,2017-2018,136
14.0,Wed,2017-11-29,20:00,Manchester City,Southampton,1.4,1.3,2–1,2017-2018,137
14.0,Wed,2017-11-29,20:00,Everton,West Ham,1.5,1.1,4–0,2017-2018,138
14.0,Wed,2017-11-29,20:00,Stoke City,Liverpool,0.9,2.9,0–3,2017-2018,139
15.0,Sat,2017-12-02,12:30,Chelsea,Newcastle Utd,3.2,0.6,3–1,2017-2018,140
15.0,Sat,2017-12-02,15:00,Everton,Huddersfield,0.7,0.3,2–0,2017-2018,141
15.0,Sat,2017-12-02,15:00,West Brom,Crystal Palace,1.9,0.6,0–0,2017-2018,142
15.0,Sat,2017-12-02,15:00,Brighton,Liverpool,1.7,1.8,1–5,2017-2018,143
15.0,Sat,2017-12-02,15:00,Stoke City,Swansea City,1.1,0.4,2–1,2017-2018,144
15.0,Sat,2017-12-02,15:00,Leicester City,Burnley,1.4,1.0,1–0,2017-2018,145
15.0,Sat,2017-12-02,15:00,Watford,Tottenham,0.4,0.8,1–1,2017-2018,146
15.0,Sat,2017-12-02,17:30,Arsenal,Manchester Utd,4.7,1.8,1–3,2017-2018,147
15.0,Sun,2017-12-03,13:30,Bournemouth,Southampton,0.9,1.5,1–1,2017-2018,148
15.0,Sun,2017-12-03,16:00,Manchester City,West Ham,2.3,0.6,2–1,2017-2018,149
16.0,Sat,2017-12-09,12:30,West Ham,Chelsea,0.3,1.2,1–0,2017-2018,150
16.0,Sat,2017-12-09,15:00,Tottenham,Stoke City,3.6,0.5,5–1,2017-2018,151
16.0,Sat,2017-12-09,15:00,Huddersfield,Brighton,2.2,0.3,2–0,2017-2018,152
16.0,Sat,2017-12-09,15:00,Swansea City,West Brom,1.5,0.3,1–0,2017-2018,153
16.0,Sat,2017-12-09,15:00,Burnley,Watford,0.5,1.1,1–0,2017-2018,154
16.0,Sat,2017-12-09,15:00,Crystal Palace,Bournemouth,3.9,0.7,2–2,2017-2018,155
16.0,Sat,2017-12-09,17:30,Newcastle Utd,Leicester City,0.9,0.5,2–3,2017-2018,156
16.0,Sun,2017-12-10,12:00,Southampton,Arsenal,1.3,0.7,1–1,2017-2018,157
16.0,Sun,2017-12-10,14:15,Liverpool,Everton,1.6,0.9,1–1,2017-2018,158
16.0,Sun,2017-12-10,16:30,Manchester Utd,Manchester City,1.4,1.7,1–2,2017-2018,159
17.0,Tue,2017-12-12,19:45,Burnley,Stoke City,0.4,1.1,1–0,2017-2018,160
17.0,Tue,2017-12-12,20:00,Huddersfield,Chelsea,0.7,1.5,1–3,2017-2018,161
17.0,Tue,2017-12-12,20:00,Crystal Palace,Watford,1.2,1.2,2–1,2017-2018,162
17.0,Wed,2017-12-13,19:45,Newcastle Utd,Everton,0.8,1.2,0–1,2017-2018,163
17.0,Wed,2017-12-13,19:45,Swansea City,Manchester City,0.6,2.7,0–4,2017-2018,164
17.0,Wed,2017-12-13,19:45,Southampton,Leicester City,1.5,1.8,1–4,2017-2018,165
17.0,Wed,2017-12-13,20:00,Tottenham,Brighton,1.5,0.4,2–0,2017-2018,166
17.0,Wed,2017-12-13,20:00,West Ham,Arsenal,0.4,1.0,0–0,2017-2018,167
17.0,Wed,2017-12-13,20:00,Liverpool,West Brom,2.1,0.4,0–0,2017-2018,168
17.0,Wed,2017-12-13,20:00,Manchester Utd,Bournemouth,1.1,0.8,1–0,2017-2018,169
18.0,Sat,2017-12-16,12:30,Leicester City,Crystal Palace,0.9,1.7,0–3,2017-2018,170
18.0,Sat,2017-12-16,15:00,Arsenal,Newcastle Utd,1.8,0.3,1–0,2017-2018,171
18.0,Sat,2017-12-16,15:00,Watford,Huddersfield,0.6,3.4,1–4,2017-2018,172
18.0,Sat,2017-12-16,15:00,Chelsea,Southampton,1.4,0.5,1–0,2017-2018,173
18.0,Sat,2017-12-16,15:00,Brighton,Burnley,1.5,1.2,0–0,2017-2018,174
18.0,Sat,2017-12-16,16:00,Stoke City,West Ham,1.1,3.1,0–3,2017-2018,175
18.0,Sat,2017-12-16,17:30,Manchester City,Tottenham,3.4,0.2,4–1,2017-2018,176
18.0,Sun,2017-12-17,14:15,West Brom,Manchester Utd,1.1,0.7,1–2,2017-2018,177
18.0,Sun,2017-12-17,16:30,Bournemouth,Liverpool,0.6,2.5,0–4,2017-2018,178
18.0,Mon,2017-12-18,20:00,Everton,Swansea City,2.0,0.8,3–1,2017-2018,179
19.0,Fri,2017-12-22,19:45,Arsenal,Liverpool,1.2,2.0,3–3,2017-2018,180
19.0,Sat,2017-12-23,12:30,Everton,Chelsea,0.3,1.8,0–0,2017-2018,181
19.0,Sat,2017-12-23,15:00,Brighton,Watford,1.1,1.5,1–0,2017-2018,182
19.0,Sat,2017-12-23,15:00,Swansea City,Crystal Palace,0.5,1.3,1–1,2017-2018,183
19.0,Sat,2017-12-23,15:00,Manchester City,Bournemouth,1.5,0.4,4–0,2017-2018,184
19.0,Sat,2017-12-23,15:00,Stoke City,West Brom,1.4,2.0,3–1,2017-2018,185
19.0,Sat,2017-12-23,15:00,West Ham,Newcastle Utd,2.1,1.7,2–3,2017-2018,186
19.0,Sat,2017-12-23,15:00,Southampton,Huddersfield,1.3,1.1,1–1,2017-2018,187
19.0,Sat,2017-12-23,17:30,Burnley,Tottenham,0.2,3.1,0–3,2017-2018,188
19.0,Sat,2017-12-23,19:45,Leicester City,Manchester Utd,1.4,1.9,2–2,2017-2018,189
20.0,Tue,2017-12-26,12:30,Tottenham,Southampton,3.0,0.8,5–2,2017-2018,190
20.0,Tue,2017-12-26,15:00,Chelsea,Brighton,2.1,0.5,2–0,2017-2018,191
20.0,Tue,2017-12-26,15:00,Huddersfield,Stoke City,1.8,1.6,1–1,2017-2018,192
20.0,Tue,2017-12-26,15:00,Watford,Leicester City,1.2,1.3,2–1,2017-2018,193
20.0,Tue,2017-12-26,15:00,Bournemouth,West Ham,2.9,1.7,3–3,2017-2018,194
20.0,Tue,2017-12-26,15:00,Manchester Utd,Burnley,2.0,0.5,2–2,2017-2018,195
20.0,Tue,2017-12-26,15:00,West Brom,Everton,1.5,0.4,0–0,2017-2018,196
20.0,Tue,2017-12-26,17:30,Liverpool,Swansea City,3.1,0.4,5–0,2017-2018,197
20.0,Wed,2017-12-27,19:45,Newcastle Utd,Manchester City,0.2,1.8,0–1,2017-2018,198
20.0,Thu,2017-12-28,20:00,Crystal Palace,Arsenal,1.3,1.8,2–3,2017-2018,199
21.0,Sat,2017-12-30,15:00,Newcastle Utd,Brighton,0.5,0.5,0–0,2017-2018,200
21.0,Sat,2017-12-30,15:00,Chelsea,Stoke City,2.6,0.2,5–0,2017-2018,201
21.0,Sat,2017-12-30,15:00,Bournemouth,Everton,1.5,0.5,2–1,2017-2018,202
21.0,Sat,2017-12-30,15:00,Watford,Swansea City,1.2,1.1,1–2,2017-2018,203
21.0,Sat,2017-12-30,15:00,Huddersfield,Burnley,0.1,1.2,0–0,2017-2018,204
21.0,Sat,2017-12-30,15:00,Liverpool,Leicester City,2.9,0.7,2–1,2017-2018,205
21.0,Sat,2017-12-30,17:30,Manchester Utd,Southampton,1.7,0.6,0–0,2017-2018,206
21.0,Sun,2017-12-31,12:00,Crystal Palace,Manchester City,1.3,1.3,0–0,2017-2018,207
21.0,Sun,2017-12-31,16:30,West Brom,Arsenal,1.5,0.9,1–1,2017-2018,208
22.0,Mon,2018-01-01,12:30,Brighton,Bournemouth,2.4,1.5,2–2,2017-2018,209
22.0,Mon,2018-01-01,15:00,Burnley,Liverpool,1.3,1.7,1–2,2017-2018,210
22.0,Mon,2018-01-01,15:00,Leicester City,Huddersfield,1.5,0.2,3–0,2017-2018,211
22.0,Mon,2018-01-01,15:00,Stoke City,Newcastle Utd,1.5,1.7,0–1,2017-2018,212
22.0,Mon,2018-01-01,17:30,Everton,Manchester Utd,1.2,1.4,0–2,2017-2018,213
22.0,Tue,2018-01-02,19:45,West Ham,West Brom,1.3,1.0,2–1,2017-2018,214
22.0,Tue,2018-01-02,19:45,Swansea City,Tottenham,0.4,1.3,0–2,2017-2018,215
22.0,Tue,2018-01-02,19:45,Southampton,Crystal Palace,0.4,1.3,1–2,2017-2018,216
22.0,Tue,2018-01-02,20:00,Manchester City,Watford,2.1,1.0,3–1,2017-2018,217
22.0,Wed,2018-01-03,19:45,Arsenal,Chelsea,1.2,3.0,2–2,2017-2018,218
21.0,Thu,2018-01-04,20:00,Tottenham,West Ham,1.8,0.5,1–1,2017-2018,219
23.0,Sat,2018-01-13,15:00,Huddersfield,West Ham,0.7,0.9,1–4,2017-2018,220
23.0,Sat,2018-01-13,15:00,Newcastle Utd,Swansea City,1.4,1.3,1–1,2017-2018,221
23.0,Sat,2018-01-13,15:00,Watford,Southampton,2.0,0.9,2–2,2017-2018,222
23.0,Sat,2018-01-13,15:00,Crystal Palace,Burnley,1.4,0.7,1–0,2017-2018,223
23.0,Sat,2018-01-13,15:00,West Brom,Brighton,1.0,0.6,2–0,2017-2018,224
23.0,Sat,2018-01-13,15:00,Chelsea,Leicester City,0.6,1.2,0–0,2017-2018,225
23.0,Sat,2018-01-13,17:30,Tottenham,Everton,3.8,0.3,4–0,2017-2018,226
23.0,Sun,2018-01-14,13:30,Bournemouth,Arsenal,0.8,1.1,2–1,2017-2018,227
23.0,Sun,2018-01-14,16:00,Liverpool,Manchester City,0.8,0.8,4–3,2017-2018,228
23.0,Mon,2018-01-15,20:00,Manchester Utd,Stoke City,1.5,1.3,3–0,2017-2018,229
24.0,Sat,2018-01-20,12:30,Brighton,Chelsea,0.8,1.3,0–4,2017-2018,230
24.0,Sat,2018-01-20,15:00,Burnley,Manchester Utd,1.0,0.8,0–1,2017-2018,231
24.0,Sat,2018-01-20,15:00,Everton,West Brom,1.1,1.1,1–1,2017-2018,232
24.0,Sat,2018-01-20,15:00,West Ham,Bournemouth,0.8,0.5,1–1,2017-2018,233
24.0,Sat,2018-01-20,15:00,Stoke City,Huddersfield,1.0,0.3,2–0,2017-2018,234
24.0,Sat,2018-01-20,15:00,Arsenal,Crystal Palace,2.9,0.6,4–1,2017-2018,235
24.0,Sat,2018-01-20,15:00,Leicester City,Watford,1.9,0.9,2–0,2017-2018,236
24.0,Sat,2018-01-20,17:30,Manchester City,Newcastle Utd,2.1,1.0,3–1,2017-2018,237
24.0,Sun,2018-01-21,16:00,Southampton,Tottenham,0.8,1.2,1–1,2017-2018,238
24.0,Mon,2018-01-22,20:00,Swansea City,Liverpool,0.2,2.5,1–0,2017-2018,239
25.0,Tue,2018-01-30,19:45,West Ham,Crystal Palace,1.1,0.9,1–1,2017-2018,240
25.0,Tue,2018-01-30,19:45,Swansea City,Arsenal,2.1,1.3,3–1,2017-2018,241
25.0,Tue,2018-01-30,20:00,Huddersfield,Liverpool,0.3,1.8,0–3,2017-2018,242
25.0,Wed,2018-01-31,19:45,Chelsea,Bournemouth,1.2,1.1,0–3,2017-2018,243
25.0,Wed,2018-01-31,19:45,Everton,Leicester City,1.2,2.2,2–1,2017-2018,244
25.0,Wed,2018-01-31,19:45,Southampton,Brighton,1.4,1.1,1–1,2017-2018,245
25.0,Wed,2018-01-31,19:45,Newcastle Utd,Burnley,2.2,1.0,1–1,2017-2018,246
25.0,Wed,2018-01-31,20:00,Manchester City,West Brom,2.3,0.2,3–0,2017-2018,247
25.0,Wed,2018-01-31,20:00,Tottenham,Manchester Utd,1.5,1.0,2–0,2017-2018,248
25.0,Wed,2018-01-31,20:00,Stoke City,Watford,0.9,0.7,0–0,2017-2018,249
26.0,Sat,2018-02-03,12:30,Burnley,Manchester City,0.9,1.8,1–1,2017-2018,250
26.0,Sat,2018-02-03,15:00,Leicester City,Swansea City,1.7,0.3,1–1,2017-2018,251
26.0,Sat,2018-02-03,15:00,Bournemouth,Stoke City,1.7,0.7,2–1,2017-2018,252
26.0,Sat,2018-02-03,15:00,West Brom,Southampton,0.8,0.9,2–3,2017-2018,253
26.0,Sat,2018-02-03,15:00,Manchester Utd,Huddersfield,1.6,0.2,2–0,2017-2018,254
26.0,Sat,2018-02-03,15:00,Brighton,West Ham,1.7,0.4,3–1,2017-2018,255
26.0,Sat,2018-02-03,17:30,Arsenal,Everton,2.6,1.2,5–1,2017-2018,256
26.0,Sun,2018-02-04,14:15,Crystal Palace,Newcastle Utd,3.0,0.9,1–1,2017-2018,257
26.0,Sun,2018-02-04,16:30,Liverpool,Tottenham,1.2,2.6,2–2,2017-2018,258
26.0,Mon,2018-02-05,20:00,Watford,Chelsea,2.3,0.7,4–1,2017-2018,259
27.0,Sat,2018-02-10,12:30,Tottenham,Arsenal,2.6,0.6,1–0,2017-2018,260
27.0,Sat,2018-02-10,15:00,Swansea City,Burnley,0.7,0.5,1–0,2017-2018,261
27.0,Sat,2018-02-10,15:00,West Ham,Watford,1.5,0.6,2–0,2017-2018,262
27.0,Sat,2018-02-10,15:00,Stoke City,Brighton,1.4,1.1,1–1,2017-2018,263
27.0,Sat,2018-02-10,15:00,Everton,Crystal Palace,1.5,1.5,3–1,2017-2018,264
27.0,Sat,2018-02-10,17:30,Manchester City,Leicester City,2.5,0.1,5–1,2017-2018,265
27.0,Sun,2018-02-11,12:00,Huddersfield,Bournemouth,2.2,0.3,4–1,2017-2018,266
27.0,Sun,2018-02-11,14:15,Newcastle Utd,Manchester Utd,0.5,1.9,1–0,2017-2018,267
27.0,Sun,2018-02-11,16:30,Southampton,Liverpool,0.9,1.9,0–2,2017-2018,268
27.0,Mon,2018-02-12,20:00,Chelsea,West Brom,1.9,0.7,3–0,2017-2018,269
28.0,Sat,2018-02-24,12:30,Leicester City,Stoke City,1.2,0.2,1–1,2017-2018,270
28.0,Sat,2018-02-24,15:00,Bournemouth,Newcastle Utd,1.7,3.0,2–2,2017-2018,271
28.0,Sat,2018-02-24,15:00,Burnley,Southampton,1.3,0.8,1–1,2017-2018,272
28.0,Sat,2018-02-24,15:00,West Brom,Huddersfield,1.2,1.1,1–2,2017-2018,273
28.0,Sat,2018-02-24,15:00,Liverpool,West Ham,4.0,0.4,4–1,2017-2018,274
28.0,Sat,2018-02-24,15:00,Brighton,Swansea City,3.0,0.6,4–1,2017-2018,275
28.0,Sat,2018-02-24,17:30,Watford,Everton,0.6,0.8,1–0,2017-2018,276
28.0,Sun,2018-02-25,12:00,Crystal Palace,Tottenham,0.2,1.7,0–1,2017-2018,277
28.0,Sun,2018-02-25,14:05,Manchester Utd,Chelsea,1.2,1.7,2–1,2017-2018,278
28.0,Thu,2018-03-01,19:45,Arsenal,Manchester City,1.3,1.5,0–3,2017-2018,279
29.0,Sat,2018-03-03,12:30,Burnley,Everton,2.1,1.5,2–1,2017-2018,280
29.0,Sat,2018-03-03,15:00,Tottenham,Huddersfield,1.6,0.1,2–0,2017-2018,281
29.0,Sat,2018-03-03,15:00,Watford,West Brom,1.3,1.1,1–0,2017-2018,282
29.0,Sat,2018-03-03,15:00,Leicester City,Bournemouth,2.7,1.4,1–1,2017-2018,283
29.0,Sat,2018-03-03,15:00,Southampton,Stoke City,0.9,0.8,0–0,2017-2018,284
29.0,Sat,2018-03-03,15:00,Swansea City,West Ham,1.8,0.4,4–1,2017-2018,285
29.0,Sat,2018-03-03,17:30,Liverpool,Newcastle Utd,1.5,0.3,2–0,2017-2018,286
29.0,Sun,2018-03-04,13:30,Brighton,Arsenal,1.2,1.2,2–1,2017-2018,287
29.0,Sun,2018-03-04,16:00,Manchester City,Chelsea,0.9,0.1,1–0,2017-2018,288
29.0,Mon,2018-03-05,20:00,Crystal Palace,Manchester Utd,0.6,1.2,2–3,2017-2018,289
30.0,Sat,2018-03-10,12:30,Manchester Utd,Liverpool,0.7,0.7,2–1,2017-2018,290
30.0,Sat,2018-03-10,15:00,West Ham,Burnley,0.8,1.4,0–3,2017-2018,291
30.0,Sat,2018-03-10,15:00,Huddersfield,Swansea City,1.4,0.0,0–0,2017-2018,292
30.0,Sat,2018-03-10,15:00,Newcastle Utd,Southampton,1.3,0.3,3–0,2017-2018,293
30.0,Sat,2018-03-10,15:00,Everton,Brighton,1.5,0.3,2–0,2017-2018,294
30.0,Sat,2018-03-10,15:00,West Brom,Leicester City,0.3,2.1,1–4,2017-2018,295
30.0,Sat,2018-03-10,17:30,Chelsea,Crystal Palace,3.1,1.1,2–1,2017-2018,296
30.0,Sun,2018-03-11,13:30,Arsenal,Watford,2.2,1.4,3–0,2017-2018,297
30.0,Sun,2018-03-11,16:00,Bournemouth,Tottenham,1.2,2.4,1–4,2017-2018,298
30.0,Mon,2018-03-12,20:00,Stoke City,Manchester City,0.4,1.6,0–2,2017-2018,299
31.0,Sat,2018-03-17,15:00,Stoke City,Everton,0.8,2.3,1–2,2017-2018,300
31.0,Sat,2018-03-17,15:00,Bournemouth,West Brom,0.7,1.6,2–1,2017-2018,301
31.0,Sat,2018-03-17,15:00,Huddersfield,Crystal Palace,0.3,2.7,0–2,2017-2018,302
31.0,Sat,2018-03-17,17:30,Liverpool,Watford,2.3,0.4,5–0,2017-2018,303
32.0,Sat,2018-03-31,12:30,Crystal Palace,Liverpool,1.9,1.8,1–2,2017-2018,304
32.0,Sat,2018-03-31,15:00,West Ham,Southampton,1.4,0.5,3–0,2017-2018,305
32.0,Sat,2018-03-31,15:00,Watford,Bournemouth,0.7,1.7,2–2,2017-2018,306
32.0,Sat,2018-03-31,15:00,West Brom,Burnley,0.5,1.3,1–2,2017-2018,307
32.0,Sat,2018-03-31,15:00,Brighton,Leicester City,1.8,1.2,0–2,2017-2018,308
32.0,Sat,2018-03-31,15:00,Manchester Utd,Swansea City,2.2,0.2,2–0,2017-2018,309
32.0,Sat,2018-03-31,15:00,Newcastle Utd,Huddersfield,2.4,0.1,1–0,2017-2018,310
32.0,Sat,2018-03-31,17:30,Everton,Manchester City,0.9,1.5,1–3,2017-2018,311
32.0,Sun,2018-04-01,13:30,Arsenal,Stoke City,3.3,0.4,3–0,2017-2018,312
32.0,Sun,2018-04-01,16:00,Chelsea,Tottenham,1.0,1.4,1–3,2017-2018,313
33.0,Sat,2018-04-07,12:30,Everton,Liverpool,0.6,0.9,0–0,2017-2018,314
33.0,Sat,2018-04-07,15:00,Brighton,Huddersfield,1.5,1.5,1–1,2017-2018,315
33.0,Sat,2018-04-07,15:00,Leicester City,Newcastle Utd,1.4,0.4,1–2,2017-2018,316
33.0,Sat,2018-04-07,15:00,Watford,Burnley,1.2,1.0,1–2,2017-2018,317
33.0,Sat,2018-04-07,15:00,Bournemouth,Crystal Palace,1.9,1.1,2–2,2017-2018,318
33.0,Sat,2018-04-07,15:00,West Brom,Swansea City,1.2,0.8,1–1,2017-2018,319
33.0,Sat,2018-04-07,15:00,Stoke City,Tottenham,1.4,1.7,1–2,2017-2018,320
33.0,Sat,2018-04-07,17:30,Manchester City,Manchester Utd,2.6,1.1,2–3,2017-2018,321
33.0,Sun,2018-04-08,14:15,Arsenal,Southampton,1.6,2.0,3–2,2017-2018,322
33.0,Sun,2018-04-08,16:30,Chelsea,West Ham,1.7,0.3,1–1,2017-2018,323
34.0,Sat,2018-04-14,12:30,Southampton,Chelsea,1.0,0.8,2–3,2017-2018,324
34.0,Sat,2018-04-14,15:00,Crystal Palace,Brighton,2.1,1.5,3–2,2017-2018,325
34.0,Sat,2018-04-14,15:00,Burnley,Leicester City,0.9,1.9,2–1,2017-2018,326
34.0,Sat,2018-04-14,15:00,Huddersfield,Watford,0.8,0.2,1–0,2017-2018,327
34.0,Sat,2018-04-14,15:00,Swansea City,Everton,1.3,1.6,1–1,2017-2018,328
34.0,Sat,2018-04-14,17:30,Liverpool,Bournemouth,2.0,0.3,3–0,2017-2018,329
34.0,Sat,2018-04-14,19:45,Tottenham,Manchester City,0.4,2.9,1–3,2017-2018,330
34.0,Sun,2018-04-15,13:30,Newcastle Utd,Arsenal,0.8,1.2,2–1,2017-2018,331
34.0,Sun,2018-04-15,16:00,Manchester Utd,West Brom,0.7,0.7,0–1,2017-2018,332
34.0,Mon,2018-04-16,20:00,West Ham,Stoke City,0.8,1.7,1–1,2017-2018,333
35.0,Tue,2018-04-17,19:45,Brighton,Tottenham,1.1,1.3,1–1,2017-2018,334
35.0,Wed,2018-04-18,19:45,Bournemouth,Manchester Utd,1.2,1.3,0–2,2017-2018,335
31.0,Thu,2018-04-19,19:45,Burnley,Chelsea,0.2,1.7,1–2,2017-2018,336
35.0,Thu,2018-04-19,19:45,Leicester City,Southampton,0.6,0.8,0–0,2017-2018,337
35.0,Sat,2018-04-21,12:30,West Brom,Liverpool,1.3,1.3,2–2,2017-2018,338
35.0,Sat,2018-04-21,15:00,Watford,Crystal Palace,0.6,0.3,0–0,2017-2018,339
35.0,Sun,2018-04-22,13:30,Stoke City,Burnley,0.4,1.6,1–1,2017-2018,340
35.0,Sun,2018-04-22,13:30,Arsenal,West Ham,1.8,0.8,4–1,2017-2018,341
35.0,Sun,2018-04-22,16:30,Manchester City,Swansea City,3.2,0.3,5–0,2017-2018,342
35.0,Mon,2018-04-23,20:00,Everton,Newcastle Utd,0.7,0.8,1–0,2017-2018,343
36.0,Sat,2018-04-28,12:30,Liverpool,Stoke City,1.9,0.6,0–0,2017-2018,344
36.0,Sat,2018-04-28,15:00,Newcastle Utd,West Brom,1.8,0.7,0–1,2017-2018,345
36.0,Sat,2018-04-28,15:00,Huddersfield,Everton,0.6,0.6,0–2,2017-2018,346
36.0,Sat,2018-04-28,15:00,Southampton,Bournemouth,1.5,0.7,2–1,2017-2018,347
36.0,Sat,2018-04-28,15:00,Burnley,Brighton,1.5,0.4,0–0,2017-2018,348
36.0,Sat,2018-04-28,15:00,Crystal Palace,Leicester City,3.0,0.6,5–0,2017-2018,349
36.0,Sat,2018-04-28,17:30,Swansea City,Chelsea,0.7,1.5,0–1,2017-2018,350
36.0,Sun,2018-04-29,14:15,West Ham,Manchester City,0.2,2.4,1–4,2017-2018,351
36.0,Sun,2018-04-29,16:30,Manchester Utd,Arsenal,1.7,0.5,2–1,2017-2018,352
36.0,Mon,2018-04-30,20:00,Tottenham,Watford,1.4,1.3,2–0,2017-2018,353
37.0,Fri,2018-05-04,20:00,Brighton,Manchester Utd,1.0,0.8,1–0,2017-2018,354
37.0,Sat,2018-05-05,12:30,Stoke City,Crystal Palace,0.5,1.1,1–2,2017-2018,355
37.0,Sat,2018-05-05,15:00,Watford,Newcastle Utd,2.5,0.7,2–1,2017-2018,356
37.0,Sat,2018-05-05,15:00,Leicester City,West Ham,0.5,1.6,0–2,2017-2018,357
37.0,Sat,2018-05-05,15:00,West Brom,Tottenham,1.6,1.2,1–0,2017-2018,358
37.0,Sat,2018-05-05,15:00,Bournemouth,Swansea City,1.9,1.3,1–0,2017-2018,359
37.0,Sat,2018-05-05,17:30,Everton,Southampton,0.5,0.7,1–1,2017-2018,360
37.0,Sun,2018-05-06,13:30,Manchester City,Huddersfield,0.8,0.2,0–0,2017-2018,361
37.0,Sun,2018-05-06,16:30,Chelsea,Liverpool,0.6,0.5,1–0,2017-2018,362
37.0,Sun,2018-05-06,16:30,Arsenal,Burnley,2.6,0.3,5–0,2017-2018,363
31.0,Tue,2018-05-08,19:45,Swansea City,Southampton,0.5,1.2,0–1,2017-2018,364
31.0,Wed,2018-05-09,19:45,Leicester City,Arsenal,2.2,1.4,3–1,2017-2018,365
35.0,Wed,2018-05-09,19:45,Chelsea,Huddersfield,1.9,0.7,1–1,2017-2018,366
31.0,Wed,2018-05-09,20:00,Manchester City,Brighton,1.6,1.2,3–1,2017-2018,367
31.0,Wed,2018-05-09,20:00,Tottenham,Newcastle Utd,0.8,1.0,1–0,2017-2018,368
31.0,Thu,2018-05-10,19:45,West Ham,Manchester Utd,0.6,0.8,0–0,2017-2018,369
38.0,Sun,2018-05-13,15:00,Swansea City,Stoke City,3.0,1.6,1–2,2017-2018,370
38.0,Sun,2018-05-13,15:00,Newcastle Utd,Chelsea,2.2,1.0,3–0,2017-2018,371
38.0,Sun,2018-05-13,15:00,Manchester Utd,Watford,0.4,0.6,1–0,2017-2018,372
38.0,Sun,2018-05-13,15:00,Liverpool,Brighton,2.8,0.1,4–0,2017-2018,373
38.0,Sun,2018-05-13,15:00,Tottenham,Leicester City,1.8,1.4,5–4,2017-2018,374
38.0,Sun,2018-05-13,15:00,Crystal Palace,West Brom,2.2,0.2,2–0,2017-2018,375
38.0,Sun,2018-05-13,15:00,Huddersfield,Arsenal,1.7,2.0,0–1,2017-2018,376
38.0,Sun,2018-05-13,15:00,Southampton,Manchester City,0.5,0.8,0–1,2017-2018,377
38.0,Sun,2018-05-13,15:00,West Ham,Everton,1.1,1.6,3–1,2017-2018,378
38.0,Sun,2018-05-13,15:00,Burnley,Bournemouth,1.1,1.3,1–2,2017-2018,379
